Company_Profit,Product_Price,Quantity,Total_Cost,Product_Name,actual,predicted,purchase_probability
74653.0,80442.0134867737,12.0,1092000.0,15,1,1,0.9999999990349586
40051.0,96104.794061292,4.0,403200.0,17,1,1,0.9984575907870803
100246.0,146274.65502496212,13.0,1881600.0,11,1,1,0.9999999999296512
116217.0,163487.81148765903,13.0,1881600.0,11,1,1,0.9999999999406539
32118.0,122494.24475955332,19.0,2318400.0,8,1,1,0.9999999999999962
71538.0,104457.05473292188,10.0,1344000.0,4,1,1,0.9999999738721492
99726.0,242791.43782085693,6.0,1568000.0,6,1,1,0.9999893303426292
61952.0,182180.8682670433,15.0,2520000.0,13,1,1,0.9999999999982216
45583.0,122681.57869536264,17.0,2016000.0,12,1,1,0.9999999999998805
52003.0,130556.4424322993,3.0,201600.0,10,1,1,0.9910546562315762
92185.0,119086.74201324744,10.0,1159200.0,8,1,1,0.9999999765928721
103332.0,136080.49606902446,14.0,2100000.0,5,1,1,0.9999999999881941
111984.0,161367.5262659536,19.0,3225600.0,14,1,1,0.9999999999999991
112720.0,185011.69129386355,10.0,1344000.0,7,1,1,0.9999999850858827
102799.0,87217.05664427331,7.0,571200.0,4,1,1,0.9999938424055134
70821.0,178089.58319157816,13.0,2352000.0,7,1,1,0.9999999999393774
113470.0,144859.0358696415,5.0,560000.0,5,1,1,0.9998552606275246
74653.0,137928.05372042107,11.0,1612800.0,2,1,1,0.9999999963825712
80511.0,147550.46162060744,5.0,756000.0,3,1,1,0.9998341648584641
109711.0,161697.53571104686,0.0,168000.0,13,0,1,0.5482998427492617
72135.0,155829.82593118443,2.0,453600.0,18,1,1,0.9719187631797983
45064.0,100718.90675927866,5.0,1344000.0,18,1,1,0.9998726783302129
52003.0,121420.82070328496,2.0,134400.0,2,1,1,0.9446810309278868
74653.0,132091.81672265774,10.0,268800.0,2,1,1,0.9999999427473516
74653.0,128932.33226376108,2.0,386400.0,8,1,1,0.9650494272233104
83079.0,130556.4424322993,16.0,3360000.0,6,1,1,0.9999999999998241
52233.0,160651.41280708008,11.0,1344000.0,9,1,1,0.9999999953509917
107255.0,91111.73207670804,8.0,806400.0,17,1,1,0.9999992405995994
54853.0,123868.32790887354,8.0,901600.0,8,1,1,0.9999988683664015
50910.0,130556.4424322993,20.0,1808800.0,4,1,1,0.9999999999999991
111227.0,181411.57712898328,10.0,2520000.0,9,1,1,0.9999999941266824
107255.0,210105.29799820008,21.0,4480000.0,6,1,1,1.0
74653.0,88589.75576864266,4.0,420000.0,15,1,1,0.9988021258700709
74653.0,206496.77813828344,6.0,1176000.0,7,1,1,0.9999808764986436
74653.0,130556.4424322993,10.0,1344000.0,18,1,1,0.9999999800605133
110664.0,141038.08781247633,3.0,280000.0,5,1,1,0.9945555800087131
113443.0,91650.00408848838,10.0,952000.0,4,1,1,0.9999999740167176
74653.0,136033.40053675335,7.0,1120000.0,5,1,1,0.9999955550695656
83106.0,172282.95814874972,10.0,3192000.0,13,1,1,0.9999999957808734
61952.0,130556.4424322993,13.0,1724800.0,1,1,1,0.9999999998711235
74653.0,130556.4424322993,10.0,504000.0,0,1,1,0.9999999509777635
111271.0,145592.08824588233,21.0,3024000.0,3,1,1,1.0
99381.0,170654.2065022937,14.0,2352000.0,11,1,1,0.9999999999914633
74653.0,146020.08934299773,13.0,2195200.0,11,1,1,0.9999999999321805
116217.0,192117.85821460723,8.0,1344000.0,7,1,1,0.9999995809251292
97442.0,84131.33457088062,10.0,168000.0,15,1,1,0.9999999517049137
74653.0,130556.4424322993,19.0,1915200.0,17,1,1,0.9999999999999969
113336.0,107174.60502751148,15.0,1411200.0,17,1,1,0.9999999999968556
71232.0,86671.78653422218,9.0,672000.0,0,1,1,0.9999997353699693
74653.0,142228.5948356064,17.0,2721600.0,18,1,1,0.9999999999999523
71095.0,92817.59725431765,19.0,1713600.0,4,1,1,0.9999999999999951
113443.0,160828.58127799648,16.0,2352000.0,11,1,1,0.9999999999997353
74653.0,152699.93240282327,19.0,1344000.0,13,1,1,0.9999999999999949
83106.0,88872.82838902964,14.0,1176000.0,0,1,1,0.9999999999656872
74653.0,130556.4424322993,10.0,1428000.0,15,1,1,0.9999999805804999
74258.0,88515.27051496558,19.0,1904000.0,4,1,1,0.9999999999999958
113470.0,145709.73295277212,9.0,1411200.0,11,1,1,0.9999999209433963
110664.0,102642.07161018868,10.0,1792000.0,12,1,1,0.9999999879632587
62959.0,162701.46663615375,3.0,302400.0,3,1,1,0.9922889526740527
110664.0,135970.95006435408,12.0,1478400.0,2,1,1,0.9999999994452933
74653.0,97911.54906933404,6.0,1344000.0,17,1,1,0.9999812024493983
50910.0,78442.09035615774,4.0,252000.0,0,1,1,0.997928773383632
31238.0,193880.57101984255,10.0,2156000.0,7,1,1,0.9999999849640517
74258.0,110439.00849673223,18.0,1713600.0,10,1,1,0.9999999999999767
57571.0,130556.4424322993,14.0,3136000.0,6,1,1,0.9999999999924067
74653.0,102665.04625078892,16.0,1702400.0,18,1,1,0.9999999999993687
100246.0,93425.55113308971,10.0,1108800.0,17,1,1,0.9999999785436211
74653.0,78701.33824818418,17.0,1344000.0,15,1,1,0.9999999999998304
71232.0,98246.25261771015,14.0,1489600.0,18,1,1,0.9999999999772102
74653.0,107352.164545565,14.0,1456000.0,12,1,1,0.9999999999758713
71232.0,130556.4424322993,5.0,896000.0,6,1,1,0.9998398960630362
35620.0,100969.18522565535,15.0,1332800.0,4,1,1,0.9999999999923832
71095.0,130556.4424322993,10.0,1344000.0,15,1,1,0.9999999786390894
51705.0,230510.0632972628,18.0,3808000.0,6,1,1,0.9999999999999958
93219.0,84047.05940822819,2.0,268800.0,16,1,1,0.9671177801231581
55028.0,134830.885713862,15.0,1724800.0,1,1,1,0.9999999999954037
71538.0,86137.6001280252,15.0,1428000.0,4,1,1,0.9999999999945539
45583.0,105650.28278218872,17.0,1814400.0,17,1,1,0.9999999999998639
99381.0,118928.72394794198,8.0,896000.0,12,1,1,0.9999992430499104
112720.0,90869.0647603482,3.0,252000.0,0,1,1,0.993451870964054
62252.0,114907.54269843423,18.0,1915200.0,18,1,1,0.9999999999999805
101428.0,99336.50500305108,11.0,1209600.0,10,1,1,0.9999999960808781
110664.0,104395.87740310097,8.0,1344000.0,18,1,1,0.9999995369458364
37141.0,130556.4424322993,15.0,2116800.0,3,1,1,0.9999999999961562
70821.0,105830.9891259175,4.0,504000.0,17,1,1,0.998916530342031
109711.0,130556.4424322993,19.0,3404800.0,14,1,1,0.9999999999999993
80701.0,130556.4424322993,8.0,1058400.0,3,1,1,0.9999991483935986
100246.0,105986.23744835424,5.0,532000.0,18,1,1,0.9998483107255806
74653.0,92258.98438215342,2.0,89600.0,16,1,1,0.9571763610186591
36661.0,197786.4499837988,10.0,2940000.0,7,1,1,0.9999999923103543
112018.0,91161.80888647329,8.0,1344000.0,15,1,1,0.9999995089163345
74653.0,115641.07958576064,7.0,672000.0,12,1,1,0.9999939607225024
40051.0,149839.4265224216,6.0,840000.0,5,1,1,0.9999613511360519
52003.0,246129.39720696825,18.0,4256000.0,6,1,1,0.9999999999999971
62959.0,93443.56072957408,0.0,100800.0,17,0,0,0.414655615563085
74653.0,130556.4424322993,5.0,980000.0,7,1,1,0.9998561974629345
55028.0,87985.79556974887,6.0,476000.0,4,1,1,0.9999468805060845
74653.0,130556.4424322993,7.0,716800.0,16,1,1,0.9999946554210792
112720.0,125481.05064977155,18.0,2340800.0,1,1,1,0.9999999999999887
52233.0,177267.7858706757,11.0,2352000.0,7,1,1,0.9999999979214429
74653.0,210750.85221515037,8.0,1792000.0,6,1,1,0.9999995979098593
69427.0,115914.12705763218,8.0,957600.0,18,1,1,0.9999991427906437
55028.0,140184.65776697744,15.0,1932000.0,8,1,1,0.9999999999964841
93219.0,99327.29620775422,10.0,907200.0,17,1,1,0.9999999737184486
103332.0,130556.4424322993,13.0,2548000.0,7,1,1,0.9999999999556419
118114.0,177391.61586929992,10.0,672000.0,13,1,1,0.9999999772373965
74653.0,196413.8135380268,19.0,3920000.0,7,1,1,0.9999999999999993
79192.0,129197.01029449356,14.0,2100000.0,5,1,1,0.9999999999853848
62959.0,166603.01063004948,12.0,1971200.0,14,1,1,0.9999999995573845
94703.0,76620.76614712416,9.0,1344000.0,15,1,1,0.9999998920868479
100246.0,134619.905178189,20.0,1344000.0,2,1,1,0.9999999999999991
111227.0,144737.8094698154,8.0,1411200.0,11,1,1,0.9999995625115956
107255.0,81592.57699040636,10.0,358400.0,16,1,1,0.999999961924318
80511.0,146329.29750720985,16.0,2268000.0,3,1,1,0.9999999999995743
40051.0,94812.0610566419,0.0,1344000.0,17,0,1,0.6105032498199805
37141.0,90001.33358939557,10.0,1344000.0,15,1,1,0.999999969056021
83121.0,123616.13137002171,14.0,1932000.0,8,1,1,0.9999999999842766
46225.0,164745.8488498005,14.0,1344000.0,3,1,1,0.9999999999671207
74653.0,103734.21043487368,17.0,1814400.0,17,1,1,0.9999999999998923
75950.0,103330.58721511594,5.0,638400.0,18,1,1,0.9998287425087651
72135.0,109056.21923707188,1.0,112000.0,12,1,1,0.8020155508131132
32118.0,104294.29458260484,10.0,190400.0,4,1,1,0.9999999104695234
74653.0,157561.38493374098,5.0,1008000.0,9,1,1,0.9998711815891085
67696.0,197454.02660306156,6.0,980000.0,7,1,1,0.9999758850994861
74653.0,99597.18875081318,16.0,1596000.0,18,1,1,0.9999999999993088
36661.0,192635.1303742444,4.0,588000.0,7,1,1,0.9987435210480252
72135.0,208896.44013064555,13.0,2912000.0,6,1,1,0.9999999999635458
112720.0,125300.88392807846,6.0,739200.0,1,1,1,0.9999742783236154
62959.0,89163.9641591021,9.0,672000.0,0,1,1,0.9999997184137446
45064.0,130556.4424322993,13.0,1881600.0,2,1,1,0.9999999998709057
103332.0,129212.0693865474,9.0,1209600.0,2,1,1,0.9999998822380648
61952.0,163925.00690706837,10.0,1680000.0,13,1,1,0.9999999831831449
74653.0,159643.87973362562,2.0,302400.0,18,1,1,0.9693637127120007
71232.0,169557.98323711526,6.0,1097600.0,11,1,1,0.9999784171830619
74653.0,153527.99535336642,5.0,604800.0,18,1,1,0.9998414807453809
74653.0,92372.4461432679,3.0,336000.0,0,1,1,0.9916711117076964
62959.0,165028.04258260576,13.0,2016000.0,9,1,1,0.9999999999154869
74653.0,131645.0559403273,10.0,1540000.0,5,1,1,0.9999999797535224
74653.0,165337.92857119616,20.0,2872800.0,18,1,1,0.9999999999999998
74653.0,107107.6011824491,9.0,1120000.0,12,1,1,0.9999998527403239
97442.0,151052.53965886202,21.0,3136000.0,11,1,1,1.0
80511.0,171537.87982282328,12.0,1881600.0,11,1,1,0.9999999995767797
34470.0,157484.38116360348,8.0,1344000.0,13,1,1,0.9999991816023784
115517.0,209502.76041308595,3.0,448000.0,6,1,1,0.9961236566291234
72135.0,87101.68105173719,13.0,1142400.0,4,1,1,0.999999999801011
93219.0,118417.87387785949,19.0,2318400.0,8,1,1,0.9999999999999978
54853.0,117874.16308554776,7.0,784000.0,12,1,1,0.9999935295173592
109711.0,208228.92249923456,15.0,2744000.0,7,1,1,0.9999999999989715
74653.0,117534.10476170528,19.0,2464000.0,1,1,1,0.9999999999999973
54668.0,161294.92122242655,17.0,2570400.0,3,1,1,0.9999999999999261
52233.0,158012.79866124556,18.0,2570400.0,18,1,1,0.9999999999999885
37141.0,76908.06103050045,13.0,1092000.0,0,1,1,0.9999999997023776
36661.0,123698.00518514204,8.0,1108800.0,1,1,1,0.9999987753776565
113443.0,212859.8932191045,10.0,2016000.0,6,1,1,0.9999999916929566
113470.0,95524.8564335152,10.0,1209600.0,10,1,1,0.9999999805823884
72135.0,166617.05605260291,1.0,313600.0,11,1,1,0.8423190322790668
45064.0,130556.4424322993,0.0,123200.0,1,0,0,0.35412705314447546
79192.0,161890.84926051256,14.0,2688000.0,14,1,1,0.9999999999924201
74653.0,132211.97443107347,10.0,403200.0,2,1,1,0.9999999485099633
74653.0,185344.00012705356,19.0,3724000.0,7,1,1,0.9999999999999993
72135.0,186026.8784200514,13.0,2508800.0,14,1,1,0.9999999999525482
80701.0,193894.61552857203,10.0,392000.0,7,1,1,0.9999999597980619
57571.0,76924.2373601515,14.0,1092000.0,0,1,1,0.9999999999535627
99381.0,122605.85388130628,13.0,1612800.0,2,1,1,0.9999999998959119
74653.0,93374.71814528172,12.0,1108800.0,10,1,1,0.9999999990120276
83079.0,141451.79361026335,18.0,2872800.0,18,1,1,0.9999999999999927
79192.0,110848.17547353797,2.0,100800.0,10,1,1,0.9575417672848773
74653.0,145496.1422672729,1.0,156800.0,11,1,1,0.8212208792242743
110664.0,138039.3626605119,10.0,2240000.0,5,1,1,0.9999999914387162
74653.0,183063.70833004103,2.0,336000.0,9,1,1,0.9681746773362523
33449.0,118833.36437429202,18.0,2340800.0,1,1,1,0.999999999999978
103332.0,76349.77729846415,20.0,1680000.0,0,1,1,0.9999999999999991
118114.0,136687.37000836225,13.0,1344000.0,18,1,1,0.9999999999135551
112720.0,130556.4424322993,11.0,1344000.0,11,1,1,0.9999999970460074
74653.0,161829.16393751692,5.0,896000.0,14,1,1,0.9998695912771886
101428.0,129493.7194848914,10.0,672000.0,2,1,1,0.999999966331008
74653.0,111852.20214238316,10.0,1232000.0,1,1,1,0.9999999715396407
62046.0,180466.37649019863,15.0,2352000.0,13,1,1,0.9999999999979636
36661.0,83318.1584932833,7.0,716800.0,16,1,1,0.9999918744761965
74653.0,110821.29841117408,17.0,1814400.0,17,1,1,0.9999999999998939
61952.0,103585.78855521696,10.0,285600.0,4,1,1,0.999999934843113
33449.0,76620.62813137445,10.0,588000.0,15,1,1,0.9999999403728639
74653.0,132791.54430123733,17.0,2380000.0,5,1,1,0.9999999999999243
40051.0,130556.4424322993,10.0,1960000.0,5,1,1,0.9999999806380085
37141.0,97919.35326494936,5.0,380800.0,4,1,1,0.9996487804790644
69427.0,130556.4424322993,10.0,3024000.0,3,1,1,0.9999999932373522
109711.0,151126.72140855785,7.0,1120000.0,5,1,1,0.9999967776086
88168.0,122570.79502473102,10.0,1209600.0,2,1,1,0.9999999750280906
117123.0,104382.18345138105,1.0,212800.0,18,1,1,0.8716552477459009
72135.0,130556.4424322993,1.0,112000.0,12,1,1,0.8096799735634613
65200.0,130556.4424322993,2.0,134400.0,2,1,1,0.9510458781826064
71232.0,156734.64636548536,4.0,756000.0,18,1,1,0.9992216048019066
46225.0,85230.17025938461,2.0,168000.0,0,1,1,0.9374913481222258
111271.0,141197.9958966752,6.0,700000.0,5,1,1,0.9999754453661249
74653.0,130556.4424322993,8.0,1344000.0,13,1,1,0.9999993739258236
55028.0,91943.69113189654,2.0,100800.0,17,1,1,0.9510810629502753
55028.0,147171.88147422034,11.0,1663200.0,18,1,1,0.9999999967649587
74653.0,110095.09425174393,12.0,1232000.0,12,1,1,0.9999999991594235
36661.0,159788.28962464837,4.0,470400.0,11,1,1,0.9985913240152213
71232.0,130556.4424322993,21.0,3584000.0,14,1,1,1.0
69427.0,98368.41005164552,5.0,504000.0,17,1,1,0.9997941937626263
62959.0,92735.05932544604,21.0,1792000.0,16,1,1,0.9999999999999998
49158.0,140183.7915378815,7.0,907200.0,18,1,1,0.9999945985541239
102799.0,105770.99130489888,17.0,1713600.0,10,1,1,0.9999999999998987
37141.0,161442.65548126213,8.0,1097600.0,11,1,1,0.9999990107927927
54668.0,146864.6993776484,10.0,1540000.0,5,1,1,0.9999999769642492
74653.0,130556.4424322993,19.0,1344000.0,13,1,1,0.9999999999999947
74653.0,188573.75884419648,14.0,2688000.0,14,1,1,0.9999999999925968
52003.0,190390.8218924748,5.0,1176000.0,7,1,1,0.9998705382747205
45583.0,119811.15589285744,8.0,985600.0,1,1,1,0.9999987346092782
35620.0,152598.86627108784,10.0,1260000.0,5,1,1,0.9999999668682391
55028.0,144109.21009185282,0.0,156800.0,11,0,0,0.4183352922862518
100246.0,138240.79962061532,21.0,2800000.0,5,1,1,1.0
61952.0,159383.64343360433,11.0,1814400.0,18,1,1,0.9999999973608826
50910.0,152612.78223845267,14.0,2520000.0,9,1,1,0.9999999999880964
74653.0,96951.12354433688,17.0,1523200.0,16,1,1,0.9999999999998606
34470.0,111426.20849957631,8.0,1008000.0,12,1,1,0.9999988000128133
111227.0,146568.7915039325,16.0,2268000.0,18,1,1,0.9999999999997289
88168.0,168699.2023781595,2.0,179200.0,14,1,1,0.9688074421226115
74653.0,232199.2075057392,17.0,3808000.0,6,1,1,0.9999999999999807
111984.0,103093.58974522311,3.0,380800.0,4,1,1,0.9945037557862073
74653.0,133573.90846007902,6.0,672000.0,2,1,1,0.9999641248486373
102799.0,91583.11758918456,2.0,89600.0,16,1,1,0.965642461990769
45064.0,102696.51806455832,4.0,319200.0,18,1,1,0.9984625085040797
62959.0,114977.61000223436,3.0,246400.0,1,1,1,0.9907885301248691
80511.0,245092.98759438563,11.0,2464000.0,6,1,1,0.9999999986894017
74653.0,83288.3504452792,9.0,806400.0,16,1,1,0.9999998112497933
112720.0,94024.538886862,6.0,571200.0,4,1,1,0.9999696997620471
34470.0,90973.58146484652,7.0,806400.0,10,1,1,0.9999917978799944
72135.0,130556.4424322993,7.0,1075200.0,2,1,1,0.9999950476906387
74653.0,157673.89656974282,3.0,453600.0,18,1,1,0.994827934368388
71538.0,190235.36872785364,12.0,2150400.0,14,1,1,0.9999999996604994
110664.0,78222.37941222933,9.0,672000.0,15,1,1,0.9999998398742925
96046.0,130556.4424322993,1.0,156800.0,11,1,1,0.841026008732264
61087.0,221826.96930657295,10.0,3136000.0,6,1,1,0.9999999948247598
70821.0,130556.4424322993,10.0,537600.0,2,1,1,0.9999999520218071
100977.0,139009.38034652692,16.0,2189600.0,8,1,1,0.9999999999996356
117123.0,91310.96551003626,10.0,1344000.0,17,1,1,0.9999999843981766
74653.0,84126.90072067043,6.0,504000.0,15,1,1,0.999961413073622
70821.0,144222.55099191665,3.0,280000.0,5,1,1,0.9925236538029423
32118.0,156199.98727553003,21.0,3136000.0,11,1,1,1.0
52003.0,113722.24872080944,14.0,1724800.0,1,1,1,0.999999999973199
74653.0,82057.86962269143,9.0,672000.0,0,1,1,0.9999997399649486
74653.0,111139.6655831041,1.0,123200.0,1,1,1,0.7837304769026596
49874.0,89477.64476933578,9.0,756000.0,15,1,1,0.9999997596097524
37141.0,165775.68709050657,2.0,453600.0,3,1,1,0.9561260816243439
74653.0,144464.48622585452,4.0,672000.0,2,1,1,0.9989725618240693
71095.0,182440.6137790807,15.0,2520000.0,9,1,1,0.9999999999982612
91671.0,92423.47692673648,13.0,1254400.0,16,1,1,0.9999999998691507
100977.0,182092.9444167805,5.0,840000.0,9,1,1,0.9998879327820723
99726.0,114798.54515994576,10.0,1383200.0,18,1,1,0.9999999836813018
74653.0,109628.55231862636,16.0,1512000.0,17,1,1,0.9999999999992686
74653.0,144652.4661020032,13.0,2116800.0,18,1,1,0.9999999999340408
88168.0,130556.4424322993,9.0,1344000.0,5,1,1,0.9999998850694066
74653.0,179891.91956767338,3.0,716800.0,14,1,1,0.9957821227409741
80511.0,125471.1864754958,8.0,1108800.0,1,1,1,0.9999991484471042
83079.0,122170.77707324745,8.0,862400.0,1,1,1,0.9999989800290888
90582.0,166001.66396617595,10.0,1612800.0,14,1,1,0.9999999862266042
45583.0,159920.93337286048,17.0,2419200.0,18,1,1,0.9999999999999263
62046.0,99193.96725735212,6.0,744800.0,18,1,1,0.9999671288899314
30663.0,217694.95620753765,6.0,1120000.0,6,1,1,0.999971691874375
74653.0,140914.58693566272,10.0,2240000.0,5,1,1,0.9999999885755552
74653.0,91207.71440547836,1.0,1344000.0,0,1,1,0.8993486718520601
110398.0,188670.5621861481,16.0,1344000.0,7,1,1,0.999999999999406
79192.0,108968.63864525565,16.0,1596000.0,18,1,1,0.9999999999993481
74258.0,89205.34030868727,17.0,1344000.0,15,1,1,0.9999999999998337
93219.0,89571.61554469181,8.0,1344000.0,0,1,1,0.9999992987894196
74653.0,130556.4424322993,4.0,644000.0,8,1,1,0.9989985842025496
74653.0,106087.84250435275,10.0,336000.0,12,1,1,0.9999999495257622
91671.0,161460.16641577514,8.0,1209600.0,18,1,1,0.9999994719225656
107255.0,140349.8868471709,16.0,2150400.0,2,1,1,0.9999999999996148
32118.0,95766.54839312096,11.0,985600.0,16,1,1,0.9999999923183652
67696.0,94364.49117933244,3.0,179200.0,16,1,1,0.9919621851663181
52233.0,93511.06658241496,14.0,1411200.0,17,1,1,0.9999999999709874
99381.0,119294.43521777068,16.0,2094400.0,1,1,1,0.9999999999995435
75950.0,86148.15392928534,4.0,252000.0,15,1,1,0.9986398603799578
90582.0,130556.4424322993,3.0,392000.0,7,1,1,0.9941411532743553
111227.0,114194.07052833369,16.0,1344000.0,1,1,1,0.9999999999992433
111227.0,164306.3559208553,18.0,2856000.0,13,1,1,0.999999999999994
62046.0,147909.42612354743,14.0,2116800.0,18,1,1,0.9999999999866085
75950.0,130556.4424322993,16.0,2940000.0,7,1,1,0.999999999999744
102799.0,142604.5642012899,16.0,2268000.0,3,1,1,0.9999999999996423
71232.0,156507.07379590307,2.0,504000.0,13,1,1,0.9710220618401249
74653.0,79470.32245673159,14.0,1092000.0,15,1,1,0.9999999999670892
62252.0,130556.4424322993,10.0,515200.0,8,1,1,0.9999999516156671
111271.0,212816.57388656677,9.0,2016000.0,6,1,1,0.9999999541537948
69427.0,124564.034533049,14.0,1848000.0,1,1,1,0.9999999999794271
74653.0,130556.4424322993,18.0,1512000.0,0,1,1,0.9999999999999702
74653.0,182820.9754516717,10.0,1680000.0,13,1,1,0.9999999854839128
74653.0,85124.84518070721,10.0,840000.0,15,1,1,0.9999999657827731
74653.0,82088.5056364233,14.0,1254400.0,16,1,1,0.9999999999715901
74653.0,130556.4424322993,4.0,616000.0,1,1,1,0.9988770160639169
83079.0,87851.42073012276,15.0,1176000.0,15,1,1,0.999999999994797
54668.0,152252.55654747927,7.0,1344000.0,18,1,1,0.9999964386744421
99726.0,146934.24472862203,5.0,560000.0,5,1,1,0.9998387749509355
99381.0,122812.77100238149,15.0,1680000.0,12,1,1,0.9999999999970586
111271.0,125755.30682938993,2.0,123200.0,1,1,1,0.9648099755817988
74653.0,146531.2671007775,11.0,1724800.0,11,1,1,0.9999999971169216
74653.0,120193.34110081084,3.0,386400.0,8,1,1,0.9932310987600852
46225.0,136546.62655510762,13.0,1814400.0,18,1,1,0.9999999998923903
52787.0,162752.58980339207,4.0,756000.0,18,1,1,0.9991070450314218
71232.0,104185.88750160158,8.0,1344000.0,4,1,1,0.999999229751233
51705.0,150453.61658512888,13.0,2038400.0,11,1,1,0.9999999999083278
89757.0,147988.35871436913,9.0,1344000.0,11,1,1,0.9999998992974949
74653.0,170420.50568331082,10.0,940800.0,11,1,1,0.999999972561387
91671.0,109029.92528982752,10.0,1008000.0,10,1,1,0.9999999736166076
88168.0,100262.85402407734,13.0,1411200.0,17,1,1,0.9999999998846234
50910.0,152184.50735492937,2.0,420000.0,5,1,1,0.9594348564821527
40051.0,137553.44914295682,10.0,1030400.0,8,1,1,0.9999999619262686
107255.0,81716.53108446958,12.0,1164800.0,16,1,1,0.9999999993135107
109711.0,100200.3336476633,10.0,957600.0,18,1,1,0.9999999782669353
61952.0,130556.4424322993,20.0,4480000.0,6,1,1,1.0
79192.0,149409.30538433063,3.0,453600.0,18,1,1,0.9949215385061829
36661.0,169440.38158528428,10.0,2038400.0,11,1,1,0.999999984178916
74653.0,93093.05730848816,9.0,896000.0,16,1,1,0.9999998279919413
113470.0,130556.4424322993,17.0,1512000.0,0,1,1,0.9999999999998828
40051.0,100377.49021923196,12.0,1209600.0,17,1,1,0.9999999989129762
52787.0,150350.96142610884,10.0,1360800.0,3,1,1,0.9999999725581376
52787.0,129692.02862389755,10.0,1344000.0,5,1,1,0.9999999716138993
74653.0,130556.4424322993,2.0,504000.0,13,1,1,0.9701339200650517
111227.0,210598.8518219675,10.0,1344000.0,7,1,1,0.9999999857574253
33449.0,144469.7111364287,14.0,1965600.0,18,1,1,0.9999999999807827
91671.0,123058.57250090744,5.0,672000.0,12,1,1,0.9998482269437383
37141.0,130567.26874916708,10.0,1209600.0,2,1,1,0.9999999627511564
113443.0,212534.38421616727,8.0,1372000.0,7,1,1,0.9999995997012333
74653.0,201699.2691132708,10.0,2156000.0,7,1,1,0.9999999896508375
74653.0,83673.46054316302,1.0,84000.0,15,1,1,0.7988938251495817
74653.0,110832.65688527036,9.0,806400.0,10,1,1,0.9999998080806185
97442.0,99734.08120373468,20.0,2016000.0,10,1,1,0.9999999999999996
74653.0,140053.28402360974,10.0,1344000.0,18,1,1,0.9999999804873775
115517.0,166725.22219806424,16.0,2508800.0,11,1,1,0.9999999999997731
89757.0,130556.4424322993,17.0,1612800.0,10,1,1,0.9999999999998848
96046.0,99225.61795573044,20.0,2016000.0,17,1,1,0.9999999999999996
113443.0,214470.0791091675,18.0,3724000.0,7,1,1,0.9999999999999971
34470.0,150336.69753219897,4.0,420000.0,5,1,1,0.9983496405841846
99381.0,97490.49586888377,2.0,190400.0,4,1,1,0.9623829287688603
83106.0,112782.74787121217,10.0,1008000.0,12,1,1,0.9999999726726329
107255.0,96995.48891347452,14.0,1332800.0,4,1,1,0.9999999999768323
72135.0,99637.6400764152,17.0,1612800.0,17,1,1,0.9999999999998699
54853.0,100090.01795829112,10.0,100800.0,10,1,1,0.9999999256335652
74653.0,138405.42966261605,9.0,1260000.0,5,1,1,0.9999998652648865
74653.0,87784.71173307596,4.0,268800.0,16,1,1,0.9986661773537727
113470.0,166232.24895681915,2.0,156800.0,11,1,1,0.9728864573818465
80511.0,235030.1071559784,3.0,672000.0,6,1,1,0.9959163773016904
72135.0,135814.06104901238,13.0,1747200.0,2,1,1,0.9999999998864131
103332.0,129044.2321170272,16.0,2240000.0,5,1,1,0.9999999999996343
33449.0,162814.89918938818,4.0,756000.0,18,1,1,0.9989540431740456
83106.0,143500.28691685258,11.0,1512000.0,18,1,1,0.9999999970805693
117123.0,165619.80464679524,20.0,3136000.0,11,1,1,0.9999999999999998
62959.0,130556.4424322993,15.0,2940000.0,7,1,1,0.9999999999984568
74653.0,180859.9098281742,12.0,1848000.0,9,1,1,0.9999999995416773
113336.0,86222.32773671161,10.0,1344000.0,15,1,1,0.9999999832820302
30663.0,130556.4424322993,9.0,907200.0,17,1,1,0.9999997784711405
100977.0,162940.37947908606,7.0,1058400.0,3,1,1,0.9999963681763636
83121.0,153352.85502422904,10.0,840000.0,13,1,1,0.9999999719399361
99381.0,217579.0863211815,7.0,1568000.0,6,1,1,0.9999979095130705
109711.0,114526.38672396637,9.0,1120000.0,12,1,1,0.9999998913595454
113443.0,111870.6034847503,18.0,2128000.0,12,1,1,0.9999999999999882
83079.0,180940.6357914873,5.0,1075200.0,14,1,1,0.9998988067102049
65200.0,94678.4190652524,15.0,1344000.0,10,1,1,0.9999999999944484
99381.0,94865.8004121752,14.0,1237600.0,4,1,1,0.9999999999732356
113336.0,80627.32043434957,21.0,1680000.0,15,1,1,1.0
74653.0,78246.70587479537,13.0,1008000.0,15,1,1,0.9999999998088589
74653.0,115745.97993293924,13.0,1344000.0,12,1,1,0.9999999998598461
45583.0,81807.42401278458,3.0,179200.0,16,1,1,0.990104501714621
34470.0,138193.00497854006,19.0,2447200.0,8,1,1,0.9999999999999967
83106.0,216870.16341611536,10.0,2016000.0,6,1,1,0.9999999894457096
31130.0,103495.38784261372,11.0,1209600.0,17,1,1,0.9999999937051811
116217.0,130556.4424322993,17.0,2570400.0,3,1,1,0.999999999999952
50910.0,135688.4669254478,16.0,2150400.0,2,1,1,0.9999999999993823
111227.0,160658.67535045007,4.0,627200.0,11,1,1,0.9993249739591639
52233.0,181392.75971230943,10.0,1344000.0,9,1,1,0.9999999759608372
74653.0,163096.1926123799,16.0,2856000.0,13,1,1,0.9999999999997631
51705.0,138101.97138080135,10.0,151200.0,18,1,1,0.999999939501868
52003.0,80936.04202145294,16.0,1523200.0,16,1,1,0.9999999999990556
62046.0,172537.17980104068,17.0,2856000.0,13,1,1,0.9999999999999525
112018.0,92577.02027077644,11.0,1075200.0,16,1,1,0.9999999962532204
62959.0,102661.42018755212,17.0,1814400.0,17,1,1,0.999999999999881
72135.0,116143.4282274102,18.0,2340800.0,1,1,1,0.9999999999999838
62046.0,88336.47724107323,8.0,1344000.0,4,1,1,0.9999991389993991
107255.0,138852.83093045023,18.0,1344000.0,8,1,1,0.9999999999999771
46225.0,122100.89207892687,11.0,1478400.0,1,1,1,0.9999999946675964
50910.0,163097.19389081703,10.0,2822400.0,11,1,1,0.9999999922954365
118114.0,202316.8834171835,19.0,3724000.0,7,1,1,0.9999999999999996
30663.0,153933.76126042724,19.0,2872800.0,18,1,1,0.999999999999998
55028.0,181548.1789520988,16.0,2520000.0,13,1,1,0.9999999999996523
74653.0,154217.0844127435,9.0,1680000.0,13,1,1,0.9999999160072255
93219.0,77452.67246385838,8.0,588000.0,0,1,1,0.9999986928371185
103332.0,107238.49528137574,10.0,1344000.0,12,1,1,0.9999999820018187
99726.0,117203.83171860404,5.0,448000.0,12,1,1,0.9998282462604143
90582.0,115973.45651477257,9.0,896000.0,12,1,1,0.9999998489164135
100977.0,118666.66623089166,2.0,1344000.0,1,1,1,0.9848097569254955
74653.0,110899.7408286866,2.0,246400.0,1,1,1,0.9558193001693127
80701.0,234054.10763627727,10.0,1344000.0,6,1,1,0.9999999824309346
112018.0,163306.34143709246,20.0,2979200.0,11,1,1,0.9999999999999998
83079.0,106009.231836118,1.0,100800.0,10,1,1,0.8094401573095483
65200.0,90881.32733826268,12.0,1310400.0,10,1,1,0.999999999083949
69427.0,128672.78157985068,19.0,2318400.0,8,1,1,0.9999999999999973
35620.0,179962.29035627632,21.0,3584000.0,14,1,1,1.0
94703.0,211944.0386700907,16.0,1344000.0,6,1,1,0.999999999999351
62959.0,96366.4439570962,12.0,985600.0,16,1,1,0.9999999989009181
46225.0,133362.92535930627,20.0,2688000.0,2,1,1,0.9999999999999996
100977.0,102586.08084121186,10.0,504000.0,17,1,1,0.9999999663736021
118114.0,115429.2054153584,18.0,2128000.0,12,1,1,0.9999999999999887
90582.0,104270.73318190132,18.0,1814400.0,10,1,1,0.9999999999999809
61952.0,130556.4424322993,12.0,1092000.0,15,1,1,0.9999999990446851
37141.0,110831.87046729468,10.0,1120000.0,12,1,1,0.9999999633734669
46225.0,170751.9984608078,12.0,2038400.0,11,1,1,0.9999999995037103
74653.0,128843.64894854484,6.0,1344000.0,1,1,1,0.9999783497913999
117123.0,99230.29059068338,15.0,1344000.0,17,1,1,0.9999999999967273
34470.0,102699.72513101574,10.0,1344000.0,17,1,1,0.9999999700761604
113470.0,83858.12840838311,9.0,672000.0,15,1,1,0.999999845510524
74653.0,116741.02314073392,16.0,1808800.0,18,1,1,0.9999999999994378
80511.0,135227.39855460104,5.0,840000.0,5,1,1,0.9998445256612274
74653.0,149229.51782925706,10.0,1344000.0,3,1,1,0.9999999766944389
101428.0,209183.15726842743,12.0,2912000.0,6,1,1,0.9999999998446496
112018.0,150292.19734229648,3.0,302400.0,18,1,1,0.9956342488198077
45583.0,184055.20180708315,2.0,504000.0,9,1,1,0.9648208399054963
74653.0,133468.84978796102,8.0,1260000.0,5,1,1,0.9999992613288887
83106.0,185695.60127211225,7.0,1372000.0,7,1,1,0.9999970421239381
65200.0,229744.42563365152,7.0,1792000.0,6,1,1,0.9999977444687234
74653.0,130556.4424322993,18.0,3024000.0,9,1,1,0.999999999999992
83079.0,90909.2952049752,15.0,1411200.0,17,1,1,0.9999999999958187
49158.0,197523.4878987976,8.0,1764000.0,7,1,1,0.9999994848184574
99726.0,176139.91441550924,17.0,3225600.0,14,1,1,0.9999999999999745
61087.0,138023.9003772959,3.0,560000.0,5,1,1,0.993406576002769
74653.0,89018.40571655058,10.0,1428000.0,15,1,1,0.9999999786525893
79192.0,107606.07721623036,6.0,784000.0,12,1,1,0.9999705852234242
49874.0,111982.10875561088,8.0,1344000.0,18,1,1,0.9999992510731828
34470.0,130545.61611543152,12.0,1680000.0,5,1,1,0.9999999991402224
74653.0,110530.96801826854,11.0,1064000.0,18,1,1,0.9999999952006446
31130.0,132492.39094385027,2.0,420000.0,5,1,1,0.9505695612958552
74653.0,139645.10299751876,10.0,1344000.0,2,1,1,0.9999999758624666
49874.0,155756.852925247,16.0,2352000.0,11,1,1,0.9999999999995492
96046.0,86125.87270854095,5.0,571200.0,4,1,1,0.9998083050481636
36659.0,113390.94934567357,10.0,1971200.0,1,1,1,0.9999999783642763
31130.0,98399.48789694568,6.0,1344000.0,16,1,1,0.9999728208793361
74653.0,86885.14405655919,8.0,627200.0,16,1,1,0.9999988313511545
74653.0,130556.4424322993,3.0,537600.0,2,1,1,0.9936432507076195
74653.0,80822.48822691981,20.0,1702400.0,16,1,1,0.9999999999999991
100246.0,194784.86902256223,7.0,1568000.0,7,1,1,0.9999978423606763
74653.0,161830.19734178795,13.0,1814400.0,18,1,1,0.999999999919523
74653.0,145328.4378987336,1.0,151200.0,3,1,1,0.8043900845813298
99381.0,130556.4424322993,10.0,252000.0,15,1,1,0.9999999599743168
54668.0,165131.1849029311,15.0,1344000.0,11,1,1,0.9999999999949134
65200.0,130556.4424322993,9.0,806400.0,17,1,1,0.9999998192830422
74653.0,98738.644176394,13.0,1310400.0,17,1,1,0.9999999998599824
74653.0,186641.84239840487,15.0,1344000.0,7,1,1,0.9999999999956648
93219.0,152114.3111146872,10.0,1881600.0,11,1,1,0.9999999882850922
65200.0,130556.4424322993,12.0,2548000.0,7,1,1,0.9999999996713405
40051.0,87954.72604123886,8.0,588000.0,0,1,1,0.9999980269894159
113470.0,101550.17474967368,14.0,1512000.0,17,1,1,0.9999999999840685
74653.0,88931.68670989522,15.0,1344000.0,15,1,1,0.9999999999951279
55028.0,110296.54498897142,6.0,532000.0,18,1,1,0.9999598619441427
74653.0,162487.74773018318,19.0,3024000.0,18,1,1,0.9999999999999987
99381.0,130556.4424322993,10.0,560000.0,12,1,1,0.9999999673206275
34470.0,100261.1316271626,15.0,1612800.0,17,1,1,0.9999999999947988
110664.0,155651.44318571003,11.0,1680000.0,13,1,1,0.9999999978791476
80511.0,130556.4424322993,11.0,1344000.0,2,1,1,0.9999999956673167
61952.0,96299.73149854977,14.0,1310400.0,10,1,1,0.9999999999683813
74653.0,151703.70857646875,11.0,1814400.0,18,1,1,0.9999999975797305
74653.0,134748.7327465605,10.0,246400.0,1,1,1,0.9999999413087352
74653.0,188191.54743263565,14.0,2940000.0,7,1,1,0.999999999993334
52233.0,110303.54644673402,18.0,2128000.0,12,1,1,0.9999999999999805
31238.0,139164.67460549856,13.0,2116800.0,18,1,1,0.9999999999046776
97442.0,155898.17236348247,11.0,2016000.0,9,1,1,0.9999999980882763
34470.0,77654.55916555943,14.0,1092000.0,0,1,1,0.9999999999439797
31238.0,144840.94567385165,18.0,2979200.0,11,1,1,0.9999999999999889
118114.0,132489.99403783862,10.0,1120000.0,5,1,1,0.9999999803000011
107255.0,101190.92730201271,9.0,952000.0,4,1,1,0.9999998550038028
74653.0,107852.13355539778,17.0,1915200.0,18,1,1,0.9999999999999027
74653.0,245079.3325593057,4.0,896000.0,6,1,1,0.9993502201334716
80511.0,88198.08215751602,15.0,1428000.0,4,1,1,0.9999999999949636
110398.0,164572.22865804224,15.0,2508800.0,11,1,1,0.9999999999987106
97442.0,146007.54656723887,16.0,2150400.0,2,1,1,0.9999999999995879
74653.0,80495.21099831899,9.0,840000.0,15,1,1,0.9999998125387254
74653.0,130556.4424322993,10.0,1663200.0,18,1,1,0.9999999844913325
74653.0,185047.8017498621,3.0,716800.0,14,1,1,0.9958311820144865
89757.0,83510.70134598723,20.0,1596000.0,0,1,1,0.9999999999999991
74653.0,118460.2392765292,13.0,1478400.0,1,1,1,0.999999999855057
113336.0,130556.4424322993,17.0,2240000.0,5,1,1,0.999999999999938
74653.0,105094.94858286246,14.0,1344000.0,10,1,1,0.9999999999728006
94703.0,130556.4424322993,10.0,2856000.0,13,1,1,0.9999999945029066
100246.0,127994.35000857132,3.0,537600.0,2,1,1,0.994809492141979
36661.0,202520.38054112197,18.0,3808000.0,6,1,1,0.9999999999999949
54668.0,136002.2048356439,14.0,1747200.0,2,1,1,0.9999999999758336
111984.0,106462.2127498744,13.0,1344000.0,18,1,1,0.9999999999026212
72135.0,167554.99836423376,16.0,2688000.0,13,1,1,0.9999999999997267
74653.0,121514.41404003576,12.0,1344000.0,2,1,1,0.9999999991440172
49874.0,222355.28167822745,10.0,3360000.0,6,1,1,0.9999999952497232
100246.0,166656.9780583891,4.0,672000.0,13,1,1,0.9993150790186714
74653.0,101899.40781210065,14.0,1411200.0,17,1,1,0.9999999999763134
33449.0,130556.4424322993,12.0,2150400.0,14,1,1,0.9999999994685818
94703.0,103292.03667059715,20.0,1344000.0,18,1,1,0.9999999999999991
93219.0,106830.10189147938,14.0,1596000.0,18,1,1,0.9999999999828357
50910.0,100538.626152184,10.0,761600.0,4,1,1,0.9999999506240025
62252.0,130556.4424322993,21.0,2016000.0,17,1,1,1.0
74653.0,92731.64407543748,7.0,705600.0,17,1,1,0.9999942000151567
83079.0,106391.60555725312,16.0,1596000.0,18,1,1,0.9999999999993647
112720.0,85626.74754376833,4.0,336000.0,15,1,1,0.9990565534336908
74653.0,224935.86187452555,18.0,4032000.0,6,1,1,0.9999999999999969
74653.0,138982.50229023662,17.0,2520000.0,5,1,1,0.9999999999999332
52003.0,111038.4691237716,6.0,560000.0,12,1,1,0.9999564988080267
45064.0,219914.3768020668,15.0,3360000.0,6,1,1,0.9999999999989386
83106.0,137473.61189671012,2.0,151200.0,3,1,1,0.9591294622419881
45064.0,153496.54114514132,3.0,280000.0,5,1,1,0.990974176372031
111984.0,118658.03146254928,1.0,257600.0,8,1,1,0.8592419640425107
118114.0,121661.69121760284,7.0,901600.0,8,1,1,0.9999963283132073
83079.0,80679.8164205687,14.0,1254400.0,16,1,1,0.9999999999734
51705.0,91262.97414485407,2.0,1344000.0,10,1,1,0.9786424968460086
54668.0,101890.64763216548,14.0,1411200.0,10,1,1,0.9999999999693898
74653.0,171849.9958060237,8.0,1254400.0,11,1,1,0.9999993720965202
55028.0,173565.74981986024,18.0,3225600.0,14,1,1,0.9999999999999931
49158.0,113266.01990285444,10.0,2128000.0,18,1,1,0.99999998621253
103332.0,106319.01733355732,10.0,1344000.0,12,1,1,0.9999999819640691
74653.0,174845.2353513425,16.0,2520000.0,9,1,1,0.9999999999996831
103332.0,143643.77295175125,10.0,151200.0,18,1,1,0.9999999608665584
79192.0,189220.8388019976,12.0,2150400.0,14,1,1,0.9999999996803985
62959.0,115991.42158501215,12.0,1344000.0,8,1,1,0.9999999991188442
62252.0,158898.94084465268,19.0,3024000.0,3,1,1,0.9999999999999984
74653.0,128014.84407823128,16.0,2060800.0,8,1,1,0.9999999999994871
112720.0,130556.4424322993,1.0,1344000.0,15,1,1,0.9421393454896492
112018.0,160256.79521899135,6.0,756000.0,18,1,1,0.9999811747332125
55028.0,100081.3845266632,5.0,604800.0,10,1,1,0.9997662445045086
91671.0,175416.11483474777,15.0,1344000.0,13,1,1,0.9999999999964266
74653.0,108497.95722761248,7.0,784000.0,12,1,1,0.999994379698245
83079.0,92558.3553058298,18.0,1814400.0,17,1,1,0.9999999999999809
74653.0,129511.52344214126,19.0,2688000.0,2,1,1,0.9999999999999978
61087.0,103816.10601170914,8.0,907200.0,10,1,1,0.9999989086712389
74653.0,183006.9978155997,21.0,1344000.0,14,1,1,0.9999999999999998
57571.0,218420.8976807491,19.0,4480000.0,6,1,1,0.9999999999999996
113336.0,81809.99095314702,3.0,1344000.0,0,1,1,0.9971741923435886
100246.0,99610.89446262189,8.0,907200.0,17,1,1,0.9999992713221458
74653.0,127316.36707843136,10.0,1120000.0,5,1,1,0.9999999715398057
46225.0,143421.163040267,19.0,2660000.0,5,1,1,0.9999999999999976
67696.0,126170.87120149948,6.0,644000.0,8,1,1,0.9999635280333291
32118.0,128425.6221459072,10.0,1400000.0,5,1,1,0.9999999677328703
74653.0,150626.02645288955,10.0,1209600.0,3,1,1,0.9999999741755541
55028.0,130556.4424322993,18.0,2520000.0,5,1,1,0.9999999999999851
83106.0,77054.55556914446,3.0,336000.0,0,1,1,0.9919501268339203
109711.0,130556.4424322993,12.0,2688000.0,6,1,1,0.9999999997928721
49874.0,130556.4424322993,10.0,2979200.0,11,1,1,0.9999999926035152
45064.0,147601.04217857405,15.0,2116800.0,3,1,1,0.999999999996535
34470.0,119771.0523140454,10.0,2576000.0,8,1,1,0.9999999877081315
72135.0,193273.63223435823,8.0,1612800.0,14,1,1,0.9999995575501671
83106.0,153012.1059427064,14.0,2352000.0,11,1,1,0.9999999999898455
100977.0,108544.33195864024,10.0,1170400.0,18,1,1,0.9999999806276215
111984.0,156045.8314472491,7.0,1058400.0,18,1,1,0.9999972358865752
91671.0,238213.8010725289,3.0,672000.0,6,1,1,0.9962987375538911
54668.0,99639.59852198484,15.0,1596000.0,18,1,1,0.999999999995586
72135.0,130556.4424322993,21.0,2016000.0,17,1,1,1.0
74653.0,109154.96260927302,18.0,1814400.0,10,1,1,0.9999999999999785
74653.0,109682.13040372066,11.0,1008000.0,10,1,1,0.9999999944132802
74653.0,124631.11226241804,11.0,1344000.0,2,1,1,0.9999999953924936
74653.0,83266.26452158169,10.0,84000.0,15,1,1,0.9999999376879015
45064.0,199785.69752010383,19.0,3528000.0,7,1,1,0.9999999999999989
112720.0,114294.38980642444,17.0,1808800.0,18,1,1,0.9999999999999236
111984.0,119700.51671322464,9.0,1344000.0,12,1,1,0.999999911652603
62252.0,111088.73186564226,8.0,784000.0,12,1,1,0.9999988591193656
70821.0,100840.60221942655,10.0,957600.0,18,1,1,0.9999999701548621
74653.0,84282.77379695923,18.0,1596000.0,0,1,1,0.9999999999999691
74653.0,109391.29669606936,10.0,1008000.0,12,1,1,0.9999999704856493
102799.0,130620.77897938504,3.0,560000.0,5,1,1,0.9952268582720534
83079.0,156175.6391821174,15.0,1344000.0,18,1,1,0.9999999999962508
71095.0,99378.0434759489,12.0,1047200.0,4,1,1,0.9999999988597068
92185.0,169658.4540357068,18.0,3225600.0,14,1,1,0.9999999999999949
110398.0,167814.25550696682,10.0,1176000.0,13,1,1,0.9999999833340122
100977.0,125321.73082041828,5.0,616000.0,1,1,1,0.999830873409255
74653.0,99418.23667325976,19.0,2128000.0,18,1,1,0.9999999999999971
34470.0,162218.5651987437,10.0,1344000.0,14,1,1,0.9999999728130261
112720.0,156322.38822409415,1.0,151200.0,18,1,1,0.8753874177980517
74653.0,182944.0904380328,19.0,3360000.0,13,1,1,0.9999999999999991
74653.0,172854.83199377224,4.0,504000.0,13,1,1,0.9990496063217649
112720.0,239532.22406730088,7.0,1344000.0,6,1,1,0.9999978735967753
74653.0,159800.797182508,16.0,2268000.0,3,1,1,0.999999999999567
74653.0,125934.40081543292,7.0,772800.0,8,1,1,0.99999425451379
52787.0,177500.86494186902,9.0,1792000.0,14,1,1,0.9999999139076036
74653.0,166163.2856134124,10.0,1344000.0,3,1,1,0.9999999775766008
52233.0,81879.22030134487,8.0,806400.0,16,1,1,0.9999987664803341
74653.0,80991.5395091299,16.0,1433600.0,16,1,1,0.9999999999991585
100246.0,130556.4424322993,6.0,420000.0,15,1,1,0.9999699290808689
112018.0,110169.9914868457,14.0,1596000.0,18,1,1,0.9999999999853975
100977.0,147650.55986930215,8.0,940800.0,2,1,1,0.9999992288664186
88168.0,177289.19190165683,0.0,196000.0,7,0,0,0.4988618356041788
100246.0,109431.5848536996,18.0,1713600.0,10,1,1,0.9999999999999811
31130.0,130556.4424322993,12.0,1456000.0,12,1,1,0.9999999990392481
93219.0,213646.53028183823,19.0,3724000.0,7,1,1,0.9999999999999993
71232.0,107085.07358389604,10.0,1344000.0,12,1,1,0.9999999765790154
74653.0,130556.4424322993,10.0,1808800.0,4,1,1,0.9999999833555981
74653.0,156408.64993528827,5.0,840000.0,13,1,1,0.9998601822039395
100977.0,228596.23234621316,18.0,3808000.0,6,1,1,0.9999999999999971
45583.0,95280.17759024496,10.0,896000.0,16,1,1,0.9999999599371401
99381.0,112998.05991834083,10.0,1344000.0,1,1,1,0.9999999787763689
92185.0,91621.97582474338,18.0,1915200.0,10,1,1,0.999999999999982
118114.0,190139.56233194924,4.0,896000.0,14,1,1,0.9995359353686675
74653.0,130556.4424322993,10.0,1478400.0,2,1,1,0.999999977831628
35620.0,177356.91830062252,6.0,1075200.0,14,1,1,0.9999722333726195
74653.0,76887.81114765587,2.0,84000.0,0,1,1,0.9456118527103339
32118.0,180420.47077861585,3.0,716800.0,14,1,1,0.9940410807373898
55028.0,96013.89707020012,8.0,851200.0,18,1,1,0.9999989025168495
70821.0,144665.5970187992,19.0,2872800.0,3,1,1,0.9999999999999982
52787.0,77192.27253227892,14.0,1092000.0,0,1,1,0.9999999999517359
118114.0,122041.2303084388,18.0,2447200.0,8,1,1,0.9999999999999909
62252.0,130556.4424322993,13.0,2150400.0,14,1,1,0.999999999922579
33449.0,164253.56006543228,10.0,784000.0,11,1,1,0.999999955873661
61087.0,92881.00211200069,1.0,190400.0,4,1,1,0.7733622011428253
79192.0,91156.79418428092,20.0,2016000.0,17,1,1,0.9999999999999993
74653.0,171399.50585330758,16.0,2867200.0,14,1,1,0.9999999999997724
74653.0,149032.90526988223,10.0,1344000.0,5,1,1,0.9999999772931195
74653.0,184547.7157232404,21.0,3360000.0,9,1,1,1.0
74653.0,107648.31012462308,4.0,425600.0,18,1,1,0.9989024249758568
97442.0,87309.46284865944,6.0,571200.0,4,1,1,0.9999651297759247
33449.0,78596.99331141115,20.0,1596000.0,15,1,1,0.9999999999999987
55028.0,131115.0603776764,9.0,1030400.0,8,1,1,0.9999998147372925
93219.0,130556.4424322993,12.0,1142400.0,4,1,1,0.9999999991779749
101428.0,86569.01596523062,20.0,1792000.0,16,1,1,0.9999999999999993
113336.0,89554.87138044942,8.0,761600.0,4,1,1,0.9999991078888595
93219.0,85103.53777615551,12.0,924000.0,0,1,1,0.9999999988583468
74258.0,148396.152791539,6.0,756000.0,3,1,1,0.9999678587183751
65200.0,137620.4965062746,7.0,1209600.0,18,1,1,0.999996245360409
62252.0,130556.4424322993,7.0,940800.0,2,1,1,0.9999940306302258
101428.0,117318.58119108732,14.0,1803200.0,8,1,1,0.9999999999848059
94703.0,182139.30484546465,4.0,1344000.0,13,1,1,0.9995922480507333
112720.0,130556.4424322993,14.0,1411200.0,17,1,1,0.9999999999837563
72135.0,135014.0566145378,16.0,2380000.0,5,1,1,0.9999999999995828
67696.0,120604.73743345476,9.0,1344000.0,8,1,1,0.9999998663753055
113443.0,79508.94637744615,19.0,1512000.0,15,1,1,0.9999999999999962
99381.0,240142.2298794486,7.0,1568000.0,6,1,1,0.9999980142781772
33449.0,95445.80069332894,9.0,806400.0,16,1,1,0.9999997426782725
74653.0,147360.6015684438,21.0,3136000.0,11,1,1,1.0
62046.0,162754.76004156205,10.0,1512000.0,3,1,1,0.9999999780470163
74653.0,89548.1087926759,14.0,1332800.0,4,1,1,0.9999999999692204
117123.0,92741.61841476148,5.0,358400.0,16,1,1,0.9998397284421515
49874.0,183624.98141999345,6.0,1254400.0,14,1,1,0.9999788490340717
33449.0,144532.08307584075,17.0,2419200.0,2,1,1,0.9999999999998956
69427.0,139152.21505054907,10.0,772800.0,8,1,1,0.9999999634750918
74653.0,166077.05124704255,1.0,302400.0,18,1,1,0.8555511390054845
79192.0,128932.4993560812,3.0,386400.0,8,1,1,0.9936044001667783
74653.0,158862.0160818997,18.0,3024000.0,13,1,1,0.9999999999999929
74653.0,92544.05480562463,4.0,302400.0,10,1,1,0.9986088792968791
109711.0,115259.87261482212,0.0,123200.0,1,0,0,0.47349570284135845
118114.0,178910.46962545317,8.0,1512000.0,13,1,1,0.9999996559037623
101428.0,76083.16365089868,13.0,1344000.0,0,1,1,0.9999999998556024
117123.0,130556.4424322993,4.0,756000.0,18,1,1,0.9994325862300829
31238.0,164534.46962135177,10.0,3360000.0,9,1,1,0.9999999939325062
111227.0,122709.34008559884,5.0,672000.0,12,1,1,0.999870591770238
74258.0,163058.55356717322,11.0,2016000.0,13,1,1,0.9999999978430321
74258.0,86597.52672923282,17.0,1344000.0,15,1,1,0.9999999999998328
110398.0,120059.48507622864,14.0,1724800.0,1,1,1,0.9999999999836287
74653.0,95956.62566464853,11.0,1142400.0,4,1,1,0.9999999943859468
115517.0,161819.71402380575,10.0,2665600.0,11,1,1,0.9999999948509515
79192.0,172790.64485857272,10.0,2867200.0,14,1,1,0.9999999944543354
100246.0,100626.53266065293,9.0,907200.0,10,1,1,0.9999998528758974
83121.0,178855.03331891357,10.0,1971200.0,14,1,1,0.9999999892767203
74653.0,130556.4424322993,18.0,1428000.0,0,1,1,0.9999999999999682
50910.0,92376.48591919476,10.0,1047200.0,4,1,1,0.9999999598262631
71232.0,94628.41556131934,17.0,1523200.0,4,1,1,0.999999999999831
111271.0,169383.59862671845,2.0,336000.0,9,1,1,0.9754935644193017
112018.0,165646.43357154995,10.0,1512000.0,13,1,1,0.9999999873139006
51705.0,84758.27954104933,2.0,1344000.0,0,1,1,0.9753394514842891
40051.0,110717.10272248022,6.0,504000.0,17,1,1,0.9999530372705508
49158.0,176275.42110638125,7.0,1008000.0,13,1,1,0.9999950901350387
36659.0,177225.99925080134,10.0,1960000.0,7,1,1,0.9999999825683695
113443.0,94601.92203302756,7.0,604800.0,10,1,1,0.9999950082900172
100246.0,102265.48114531228,15.0,1568000.0,12,1,1,0.9999999999966571
111227.0,109186.81712544269,11.0,1209600.0,17,1,1,0.9999999967764566
102799.0,209907.74332038127,13.0,2352000.0,7,1,1,0.9999999999566134
62252.0,166468.01335682205,9.0,1612800.0,14,1,1,0.9999999059250013
83121.0,166034.91081243617,9.0,1512000.0,18,1,1,0.9999999185081221
74653.0,93225.544445569,10.0,1008000.0,10,1,1,0.9999999685567117
50910.0,86584.29954367639,19.0,1596000.0,0,1,1,0.9999999999999931
30663.0,130556.4424322993,7.0,1176000.0,7,1,1,0.9999939858453871
74653.0,99762.11248986752,4.0,380800.0,4,1,1,0.9986071489597377
115517.0,108109.92825543914,11.0,1209600.0,17,1,1,0.9999999968801501
62959.0,94465.47270218717,3.0,190400.0,4,1,1,0.9903100662433565
75950.0,212944.7899518251,7.0,1176000.0,7,1,1,0.9999965605211971
74653.0,129371.3818350723,7.0,901600.0,8,1,1,0.9999948490542914
69427.0,108464.47525461104,20.0,2128000.0,12,1,1,0.9999999999999993
99726.0,138992.60016675387,9.0,1209600.0,2,1,1,0.9999998813801271
74653.0,192549.4223429404,19.0,3225600.0,14,1,1,0.9999999999999989
116217.0,170149.0935534796,10.0,1680000.0,9,1,1,0.9999999887931924
107255.0,92939.41650138253,5.0,403200.0,17,1,1,0.9998345348219824
74653.0,103233.76744422514,6.0,784000.0,12,1,1,0.9999691650336621
88168.0,163638.25740827163,3.0,358400.0,14,1,1,0.994809545282638
34470.0,165209.5314691358,17.0,2688000.0,13,1,1,0.9999999999999309
110664.0,146466.10771369337,5.0,537600.0,2,1,1,0.9998437284010006
31130.0,77661.6304758227,6.0,420000.0,15,1,1,0.9999402383691683
69427.0,91669.93228944592,4.0,380800.0,4,1,1,0.9985192869386388
72135.0,210178.83220410472,3.0,588000.0,7,1,1,0.9951239163047247
91671.0,158637.23203281054,2.0,168000.0,9,1,1,0.9666462462174867
118114.0,79937.80827725581,10.0,840000.0,15,1,1,0.9999999757491848
45064.0,212563.3819590315,9.0,2016000.0,6,1,1,0.9999999210876351
54668.0,139476.9927306832,8.0,1030400.0,8,1,1,0.9999990117229686
54668.0,130556.4424322993,2.0,302400.0,18,1,1,0.9617431804689625
72135.0,90182.61975643376,17.0,1512000.0,15,1,1,0.9999999999998521
34470.0,172315.77542132768,12.0,2150400.0,14,1,1,0.9999999995208437
88168.0,105721.37322873731,5.0,504000.0,17,1,1,0.9998264167442166
62252.0,179499.86085571238,12.0,2184000.0,13,1,1,0.9999999996295172
74653.0,81823.41738293828,3.0,358400.0,16,1,1,0.9932069235043653
50910.0,91967.26002990728,12.0,1344000.0,10,1,1,0.999999998999525
45064.0,130469.3858219002,11.0,1680000.0,5,1,1,0.9999999957258565
30663.0,124862.79244487864,12.0,1478400.0,1,1,1,0.9999999988895976
74653.0,194302.55966029063,21.0,3584000.0,14,1,1,1.0
116217.0,132680.78410966205,7.0,940800.0,2,1,1,0.9999961823337992
74653.0,97467.86370767346,8.0,705600.0,17,1,1,0.9999989415834662
31130.0,86345.96012715757,6.0,627200.0,16,1,1,0.9999508821271496
74653.0,121066.06047519704,11.0,1478400.0,2,1,1,0.9999999958213064
74653.0,130556.4424322993,9.0,1960000.0,7,1,1,0.9999999230141824
109711.0,130556.4424322993,10.0,1344000.0,18,1,1,0.9999999850389001
93219.0,124289.81223381878,20.0,2464000.0,1,1,1,0.9999999999999996
45064.0,98994.1618570417,18.0,1344000.0,10,1,1,0.9999999999999594
74653.0,158898.29724273452,8.0,1344000.0,9,1,1,0.9999993811701454
115517.0,120473.44087411783,8.0,896000.0,12,1,1,0.9999993391236355
80511.0,139379.8854381056,6.0,907200.0,18,1,1,0.9999773109284084
74653.0,148102.85979479752,10.0,1881600.0,11,1,1,0.9999999862350701
74653.0,122814.42014457502,8.0,1075200.0,2,1,1,0.999999089193824
36659.0,149229.73010247524,6.0,840000.0,5,1,1,0.9999602067228326
117123.0,153329.79358253203,14.0,1965600.0,18,1,1,0.999999999990512
52233.0,130556.4424322993,10.0,1568000.0,6,1,1,0.999999976455786
31238.0,140505.814758599,13.0,1545600.0,8,1,1,0.99999999982992
103332.0,172077.78033404963,10.0,1008000.0,9,1,1,0.999999978952981
113470.0,130556.4424322993,6.0,705600.0,10,1,1,0.9999769758298915
72135.0,130286.38894054224,12.0,1612800.0,2,1,1,0.999999999306834
103332.0,130556.4424322993,4.0,1344000.0,10,1,1,0.9995554021400787
74653.0,130556.4424322993,19.0,1814400.0,17,1,1,0.9999999999999964
88168.0,91252.9977205317,10.0,1814400.0,10,1,1,0.9999999850146317
51705.0,149486.13622141906,6.0,1344000.0,11,1,1,0.9999781622174013
31238.0,154902.0341930216,8.0,1344000.0,9,1,1,0.9999991087203995
113470.0,117535.79062521756,5.0,448000.0,12,1,1,0.9998466516860436
113470.0,199275.9942989408,12.0,2548000.0,7,1,1,0.9999999998107763
117123.0,85245.31885033762,11.0,985600.0,16,1,1,0.9999999960791177
101428.0,136238.14352097784,5.0,1344000.0,5,1,1,0.9999121116719037
74653.0,157054.8882686157,18.0,3192000.0,13,1,1,0.9999999999999938
91671.0,152390.07535418746,18.0,2872800.0,18,1,1,0.9999999999999933
111984.0,132611.27065556555,16.0,1932000.0,8,1,1,0.9999999999995863
51705.0,191487.9380321423,16.0,2688000.0,14,1,1,0.999999999999698
89757.0,90712.74421844514,5.0,336000.0,0,1,1,0.9997465832814596
61087.0,147760.66314796862,4.0,756000.0,18,1,1,0.9991367349837195
57571.0,109359.6405805586,9.0,806400.0,10,1,1,0.9999997785064008
74653.0,152410.8666447557,9.0,1260000.0,5,1,1,0.9999998694969573
62252.0,149298.59646419593,18.0,2872800.0,18,1,1,0.9999999999999916
83106.0,142383.10771414332,5.0,1344000.0,18,1,1,0.9999152147972532
45064.0,94525.6098940282,10.0,504000.0,17,1,1,0.9999999458475486
54853.0,90026.97889081122,3.0,268800.0,16,1,1,0.9915988963721647
74653.0,97055.85719260684,13.0,1075200.0,16,1,1,0.9999999998285984
80701.0,162079.3124240373,11.0,1663200.0,18,1,1,0.9999999974662008
74653.0,130556.4424322993,19.0,4480000.0,6,1,1,0.9999999999999996
117123.0,116709.41938413867,20.0,2447200.0,8,1,1,0.9999999999999998
74653.0,130556.4424322993,10.0,1355200.0,1,1,1,0.9999999752482367
74653.0,93077.40126663948,18.0,1814400.0,17,1,1,0.9999999999999796
31238.0,154776.31624967942,3.0,627200.0,11,1,1,0.9929032374459488
96046.0,130556.4424322993,11.0,1680000.0,9,1,1,0.9999999973309595
71538.0,107206.40749309029,12.0,1209600.0,17,1,1,0.9999999991731292
49158.0,139679.74522469626,5.0,537600.0,2,1,1,0.999737328550394
74653.0,145437.0720831274,16.0,1344000.0,18,1,1,0.9999999999992406
45064.0,184474.87467260004,20.0,3360000.0,9,1,1,0.9999999999999998
61952.0,108483.02261072242,4.0,532000.0,18,1,1,0.9988820696603331
74653.0,243676.2285744307,9.0,1792000.0,6,1,1,0.9999999311895308
35620.0,240767.09319766084,10.0,2016000.0,6,1,1,0.999999985251282
74653.0,138837.21523548153,18.0,2660000.0,5,1,1,0.9999999999999889
83106.0,202096.6616884566,12.0,2912000.0,6,1,1,0.9999999998165481
74653.0,126462.8236748504,15.0,1724800.0,1,1,1,0.999999999996011
35620.0,96337.86999770752,18.0,1618400.0,4,1,1,0.9999999999999614
113470.0,129459.0497586088,14.0,1803200.0,8,1,1,0.9999999999866092
52003.0,146880.22457271966,6.0,1097600.0,11,1,1,0.9999733944050361
31130.0,97038.94845550832,10.0,1008000.0,10,1,1,0.999999955472693
62046.0,94728.52101431414,20.0,1904000.0,4,1,1,0.9999999999999991
74653.0,157152.62570477405,8.0,1344000.0,9,1,1,0.9999993787036249
45583.0,92213.84453308376,14.0,1411200.0,10,1,1,0.999999999966289
111271.0,144200.9822054962,19.0,3024000.0,3,1,1,0.9999999999999989
62959.0,130556.4424322993,19.0,1680000.0,15,1,1,0.9999999999999956
57571.0,122751.31795947083,10.0,1008000.0,12,1,1,0.9999999670696447
74653.0,130556.4424322993,14.0,2352000.0,9,1,1,0.9999999999882387
67696.0,106482.40828028612,13.0,1489600.0,18,1,1,0.9999999998751883
37141.0,164754.0283044468,14.0,2038400.0,11,1,1,0.9999999999815572
74653.0,147279.01751269936,21.0,2688000.0,2,1,1,1.0
111227.0,104613.26784819682,3.0,403200.0,17,1,1,0.9954367334727915
36659.0,83212.81668183215,16.0,1344000.0,15,1,1,0.999999999998757
67696.0,130556.4424322993,10.0,907200.0,17,1,1,0.9999999698305853
62959.0,144193.52806080572,10.0,1540000.0,5,1,1,0.9999999783457512
74653.0,103015.58716788236,11.0,1008000.0,10,1,1,0.9999999943277642
49158.0,142840.61168818094,3.0,302400.0,3,1,1,0.9909779847032725
100977.0,100467.78022708656,4.0,1344000.0,4,1,1,0.9994744926619961
71232.0,149019.3640103404,19.0,3024000.0,3,1,1,0.9999999999999984
90582.0,100113.1238331669,16.0,1808800.0,18,1,1,0.9999999999994875
113470.0,161514.4454036857,5.0,1008000.0,13,1,1,0.9999119024647062
117123.0,80963.90225682377,7.0,627200.0,16,1,1,0.9999954657832532
110398.0,139449.98415307948,7.0,772800.0,8,1,1,0.9999958432202238
74653.0,130556.4424322993,21.0,3024000.0,3,1,1,1.0
61087.0,143467.32048539649,16.0,2380000.0,5,1,1,0.9999999999995521
74653.0,140141.67440557908,14.0,1960000.0,5,1,1,0.9999999999834805
74653.0,92180.7667939412,11.0,924000.0,0,1,1,0.9999999929094336
71232.0,210213.62484888383,12.0,2912000.0,6,1,1,0.9999999998015083
100977.0,104683.87881300012,10.0,604800.0,10,1,1,0.9999999660861165
57571.0,93762.04035081448,13.0,1411200.0,10,1,1,0.9999999998349309
51705.0,106677.27326495046,4.0,403200.0,17,1,1,0.9986311915134725
74653.0,181652.14317309597,2.0,168000.0,13,1,1,0.9655308412409636
74653.0,170618.06493766638,11.0,1680000.0,13,1,1,0.9999999972467815
92185.0,91615.45180917915,3.0,252000.0,15,1,1,0.9936567046279775
99381.0,192268.69478821015,7.0,1176000.0,7,1,1,0.9999970243794895
71095.0,158149.83916871707,2.0,470400.0,11,1,1,0.9695725537625495
74653.0,130556.4424322993,19.0,2688000.0,2,1,1,0.9999999999999978
62046.0,101277.91258552232,12.0,1310400.0,10,1,1,0.9999999990819757
45583.0,89113.6149227338,3.0,179200.0,16,1,1,0.9902662939467785
71095.0,165864.86504882335,15.0,2195200.0,11,1,1,0.9999999999977291
100977.0,141442.89468346842,10.0,1288000.0,8,1,1,0.9999999812974997
31238.0,214751.04551570577,21.0,4480000.0,6,1,1,1.0
88168.0,147393.0462795327,10.0,1360800.0,3,1,1,0.999999979325215
74653.0,97243.13176291874,1.0,201600.0,10,1,1,0.8079464371955856
74653.0,89092.30669468098,9.0,806400.0,16,1,1,0.9999998137296692
74653.0,89643.82608606617,19.0,1680000.0,15,1,1,0.9999999999999958
49158.0,180084.26499393623,17.0,3332000.0,7,1,1,0.9999999999999614
74653.0,108341.6141772178,21.0,2016000.0,10,1,1,0.9999999999999998
74653.0,104436.52859020016,7.0,896000.0,12,1,1,0.9999948062079408
31130.0,99575.60963363378,8.0,705600.0,17,1,1,0.9999984953244462
74653.0,141380.24665832665,13.0,1674400.0,8,1,1,0.9999999998925364
74653.0,142668.17898202728,18.0,1344000.0,5,1,1,0.9999999999999691
52233.0,75898.68138260402,11.0,1008000.0,0,1,1,0.9999999917233885
100977.0,153337.54154504993,9.0,1411200.0,11,1,1,0.9999999139314314
51705.0,225523.58335120577,16.0,3808000.0,6,1,1,0.9999999999998714
100977.0,129666.2369108565,10.0,2094400.0,1,1,1,0.9999999888295245
96046.0,142380.13184929008,10.0,1478400.0,2,1,1,0.9999999818904411
71232.0,148529.28500876852,16.0,2380000.0,5,1,1,0.9999999999995925
49874.0,130556.4424322993,13.0,1344000.0,5,1,1,0.9999999998178788
71095.0,132589.23574809908,18.0,2340800.0,1,1,1,0.9999999999999845
92185.0,105590.5550504575,17.0,1612800.0,10,1,1,0.9999999999998805
99726.0,131108.07963631538,10.0,1260000.0,5,1,1,0.9999999794222696
74653.0,88808.69090233724,11.0,924000.0,0,1,1,0.9999999928547401
75950.0,213073.6542747448,4.0,1344000.0,6,1,1,0.9995139090072377
49158.0,107485.8644825995,19.0,2128000.0,12,1,1,0.9999999999999962
74653.0,91341.33378384088,16.0,1428000.0,0,1,1,0.9999999999989797
88168.0,167135.22288963373,13.0,2508800.0,14,1,1,0.9999999999565592
74653.0,123370.18544526938,13.0,1601600.0,1,1,1,0.9999999998699189
93219.0,181839.1149198293,10.0,1176000.0,13,1,1,0.99999998141847
65200.0,107860.5695774563,6.0,705600.0,17,1,1,0.9999671779338217
62046.0,177678.053436085,14.0,1344000.0,13,1,1,0.9999999999754334
103332.0,102557.8728535066,10.0,190400.0,4,1,1,0.9999999498488045
94703.0,104613.48920625048,15.0,1702400.0,18,1,1,0.9999999999971088
70821.0,80707.59902611465,7.0,588000.0,15,1,1,0.9999930710499174
62046.0,152120.97057456896,11.0,1680000.0,9,1,1,0.9999999966426238
36659.0,114405.2245491262,7.0,851200.0,18,1,1,0.9999933680017619
101428.0,91935.405628602,0.0,100800.0,17,0,0,0.49175274235385386
100977.0,76801.7654251797,2.0,84000.0,15,1,1,0.9633751697629572
100977.0,98454.50883651651,7.0,716800.0,16,1,1,0.999995365409492
74653.0,174389.98777113596,14.0,2184000.0,9,1,1,0.9999999999878515
115517.0,159376.94017719303,13.0,1814400.0,18,1,1,0.9999999999420985
52003.0,82319.98735482476,14.0,1176000.0,0,1,1,0.9999999999550615
72135.0,203389.5323714032,17.0,3136000.0,7,1,1,0.9999999999999647
54853.0,150355.8052310346,12.0,2038400.0,11,1,1,0.9999999995155846
80701.0,149895.48006486404,16.0,1344000.0,5,1,1,0.9999999999991502
94703.0,88914.07221871437,8.0,756000.0,15,1,1,0.9999990962675072
110398.0,104027.07152246074,16.0,1808800.0,18,1,1,0.9999999999995681
93219.0,133098.7907458122,4.0,420000.0,5,1,1,0.9989386924644441
74653.0,102065.24810606064,11.0,1142400.0,4,1,1,0.9999999944635516
74653.0,151735.14717577494,1.0,151200.0,18,1,1,0.8357721420385101
65200.0,142452.91343291636,5.0,537600.0,2,1,1,0.9997711245206341
69427.0,97303.92841292742,15.0,1344000.0,16,1,1,0.9999999999950764
50910.0,170590.3473709553,18.0,3404800.0,14,1,1,0.9999999999999938
74653.0,118378.34294458538,13.0,1545600.0,8,1,1,0.9999999998746676
92185.0,107487.71941293964,15.0,1702400.0,18,1,1,0.9999999999970679
74653.0,109832.18133566802,20.0,2240000.0,12,1,1,0.9999999999999996
74653.0,180209.35849618484,9.0,1433600.0,14,1,1,0.9999999051540108
117123.0,82071.26434875619,5.0,358400.0,16,1,1,0.9998357843988973
112720.0,90997.18621511814,8.0,666400.0,4,1,1,0.9999990367612849
62046.0,112088.2175131298,17.0,1915200.0,18,1,1,0.9999999999998932
71095.0,130556.4424322993,1.0,84000.0,0,1,1,0.7787737140960637
113470.0,87804.27729644421,15.0,1176000.0,0,1,1,0.9999999999950526
62046.0,99811.22349837422,10.0,319200.0,18,1,1,0.9999999468630957
52787.0,211984.2685552082,10.0,2240000.0,6,1,1,0.9999999885300289
74653.0,84905.87073470472,12.0,1164800.0,16,1,1,0.9999999991097981
118114.0,129276.82710664168,6.0,644000.0,8,1,1,0.9999760401898526
62252.0,244278.62584071065,6.0,1568000.0,6,1,1,0.9999855447828373
45583.0,154261.66207507934,11.0,1663200.0,18,1,1,0.9999999965606792
62959.0,163488.07912618903,10.0,1680000.0,13,1,1,0.9999999833047138
36659.0,184314.57165143863,10.0,336000.0,9,1,1,0.9999999400074384
74653.0,160605.55258467596,10.0,1344000.0,3,1,1,0.9999999772908158
74653.0,130033.0939127295,13.0,1545600.0,8,1,1,0.9999999998779523
52787.0,174606.461505691,6.0,1075200.0,14,1,1,0.9999757249859824
36661.0,92234.01066081632,7.0,604800.0,10,1,1,0.999990585180747
34470.0,145361.66908470576,2.0,1344000.0,5,1,1,0.9768116196474663
80701.0,78444.86123345693,15.0,1176000.0,0,1,1,0.9999999999933893
90582.0,94291.83616761304,1.0,201600.0,10,1,1,0.826426661956532
74653.0,87717.41683913326,6.0,448000.0,16,1,1,0.9999605283319715
118114.0,138063.36484042552,2.0,403200.0,2,1,1,0.9741425880840862
36661.0,175149.54707937752,21.0,3360000.0,13,1,1,1.0
91671.0,106186.01055392071,6.0,638400.0,18,1,1,0.9999724031620775
110664.0,162222.21727829622,10.0,2688000.0,9,1,1,0.9999999945994831
112018.0,105815.06093533724,10.0,907200.0,17,1,1,0.9999999778008606
51705.0,168416.136045254,3.0,504000.0,9,1,1,0.9934146864453006
93219.0,130556.4424322993,6.0,840000.0,5,1,1,0.999973876460458
71232.0,141985.8377856627,11.0,1680000.0,5,1,1,0.9999999966400266
100246.0,104998.95366752034,16.0,1713600.0,10,1,1,0.9999999999994389
71232.0,84553.47096102119,10.0,84000.0,15,1,1,0.9999999361042732
46225.0,90692.09394290044,10.0,985600.0,16,1,1,0.9999999624714057
74653.0,91112.58144514287,15.0,1612800.0,10,1,1,0.9999999999958082
99381.0,149873.2875635447,19.0,2520000.0,5,1,1,0.9999999999999982
54668.0,158066.45684601503,12.0,2184000.0,9,1,1,0.9999999995635249
61087.0,122303.39630853284,2.0,128800.0,8,1,1,0.9520829084527119
52003.0,133270.86255677117,13.0,1680000.0,5,1,1,0.9999999998634743
100246.0,153002.7852574678,16.0,2570400.0,3,1,1,0.9999999999997189
31238.0,88527.39750590199,15.0,1428000.0,4,1,1,0.9999999999924643
65200.0,127151.61738996046,13.0,1803200.0,8,1,1,0.999999999891622
46225.0,103011.49302466838,10.0,106400.0,18,1,1,0.999999928995429
117123.0,130556.4424322993,14.0,1383200.0,18,1,1,0.9999999999841931
37141.0,169937.5755788555,16.0,1344000.0,14,1,1,0.9999999999989704
113470.0,130556.4424322993,10.0,190400.0,4,1,1,0.9999999566989849
115517.0,229110.9168314296,10.0,672000.0,6,1,1,0.9999999773264975
52233.0,101542.18524224313,5.0,504000.0,17,1,1,0.9997647725170878
69427.0,155922.98856370876,11.0,2016000.0,13,1,1,0.9999999977191545
49158.0,112858.8954691749,8.0,1108800.0,1,1,1,0.9999988669226854
92185.0,135469.00665525036,7.0,806400.0,2,1,1,0.9999948653946741
51705.0,132923.02471881866,8.0,1075200.0,2,1,1,0.9999989258118535
71538.0,130556.4424322993,16.0,2508800.0,11,1,1,0.9999999999996465
65200.0,130556.4424322993,17.0,1612800.0,10,1,1,0.9999999999998592
101428.0,107921.64030018177,10.0,1411200.0,10,1,1,0.9999999822234414
111984.0,159009.3864676581,5.0,1008000.0,13,1,1,0.9999103129112955
116217.0,138971.04256067862,1.0,268800.0,2,1,1,0.8604917352682278
113470.0,101873.2396693464,18.0,2021600.0,18,1,1,0.9999999999999878
36659.0,115955.32980574432,14.0,1680000.0,12,1,1,0.9999999999729214
74653.0,124171.7721972652,17.0,2150400.0,2,1,1,0.9999999999999036
74653.0,151149.8754768398,9.0,1568000.0,11,1,1,0.9999999051431853
34470.0,85783.96245787987,4.0,336000.0,0,1,1,0.9978188112250613
71538.0,192342.752291474,21.0,3920000.0,7,1,1,1.0
99381.0,161480.95627957553,8.0,1209600.0,3,1,1,0.9999993954020203
74653.0,88242.976159414,14.0,1092000.0,0,1,1,0.9999999999606559
40051.0,97448.12372503502,5.0,403200.0,10,1,1,0.9996884280420325
74653.0,130556.4424322993,10.0,2184000.0,13,1,1,0.9999999890037036
74653.0,172167.07456798156,4.0,716800.0,14,1,1,0.9992054085445194
32118.0,162221.24185825375,11.0,1971200.0,14,1,1,0.9999999968797251
90582.0,168830.88140251915,10.0,840000.0,13,1,1,0.9999999745186785
80511.0,130556.4424322993,10.0,1820000.0,5,1,1,0.9999999844816592
74653.0,150760.51252117523,3.0,302400.0,18,1,1,0.9940860268124847
74653.0,101849.23466322674,1.0,100800.0,10,1,1,0.7970339502133651
110398.0,168246.24035116693,11.0,1344000.0,14,1,1,0.9999999973446108
62959.0,78360.37148026479,10.0,504000.0,0,1,1,0.9999999392341327
74653.0,154165.3255796958,16.0,2665600.0,11,1,1,0.9999999999997116
88168.0,167254.84210032498,11.0,1724800.0,11,1,1,0.9999999975381813
99726.0,100507.54053873188,11.0,1276800.0,18,1,1,0.9999999966183948
109711.0,92769.83348890729,17.0,1344000.0,17,1,1,0.9999999999998799
117123.0,82178.45103125025,15.0,1344000.0,0,1,1,0.999999999995739
110664.0,98349.26079397395,19.0,1904000.0,4,1,1,0.9999999999999969
30663.0,162720.96740189815,14.0,2520000.0,13,1,1,0.9999999999869766
109711.0,211332.69233071653,19.0,4480000.0,6,1,1,0.9999999999999998
74653.0,96471.3559453679,6.0,532000.0,18,1,1,0.9999647299083007
72135.0,146714.42604683174,20.0,3024000.0,3,1,1,0.9999999999999998
74653.0,130556.4424322993,15.0,1344000.0,0,1,1,0.9999999999945954
74653.0,99149.585953701,8.0,1344000.0,17,1,1,0.9999993621573867
34470.0,93527.21565264826,17.0,1612800.0,17,1,1,0.9999999999998204
61087.0,97335.4965957084,6.0,571200.0,4,1,1,0.9999540914461601
91671.0,130556.4424322993,10.0,1540000.0,5,1,1,0.9999999823449107
74653.0,94677.69637009628,13.0,1411200.0,17,1,1,0.9999999998694622
34470.0,130556.4424322993,10.0,2872800.0,18,1,1,0.9999999916827357
74653.0,199264.23452997688,12.0,2352000.0,7,1,1,0.9999999996965208
109711.0,97751.43928959114,17.0,1612800.0,17,1,1,0.9999999999999039
74653.0,168020.64961615572,3.0,627200.0,11,1,1,0.9951643684839845
101428.0,103001.93430522615,2.0,201600.0,17,1,1,0.9692958318125748
32118.0,130556.4424322993,14.0,3360000.0,6,1,1,0.9999999999921583
74653.0,179247.26927547573,17.0,2856000.0,9,1,1,0.9999999999999556
74653.0,80048.7881370258,19.0,1512000.0,15,1,1,0.9999999999999949
74653.0,83491.9571914243,10.0,358400.0,16,1,1,0.9999999504801833
74653.0,88098.6083741806,17.0,1433600.0,16,1,1,0.9999999999998472
62046.0,143979.76001871488,8.0,1344000.0,11,1,1,0.9999993086481623
74653.0,92891.32333869478,4.0,504000.0,17,1,1,0.998918597678751
49874.0,134411.79689585583,19.0,2419200.0,2,1,1,0.9999999999999969
74653.0,155970.56483634558,4.0,756000.0,3,1,1,0.9990754201223145
80511.0,157851.26651940288,9.0,1512000.0,3,1,1,0.9999998965511974
34470.0,128513.61400359242,5.0,806400.0,2,1,1,0.9997540599220438
74653.0,99730.20137977996,12.0,1310400.0,17,1,1,0.9999999992426674
45583.0,130556.4424322993,15.0,1792000.0,12,1,1,0.9999999999958882
113443.0,146200.82909306683,3.0,560000.0,5,1,1,0.9957757489439913
91671.0,91556.60985364352,10.0,761600.0,4,1,1,0.9999999639121746
52787.0,130719.77420959975,17.0,2419200.0,2,1,1,0.9999999999999081
110398.0,77106.1878410558,17.0,1428000.0,0,1,1,0.999999999999855
31130.0,84289.04267311149,15.0,1344000.0,15,1,1,0.9999999999929661
74653.0,191317.0336395453,18.0,3225600.0,14,1,1,0.9999999999999944
109711.0,159297.44541476364,18.0,1344000.0,18,1,1,0.9999999999999811
97442.0,137155.63963117189,18.0,2284800.0,2,1,1,0.9999999999999871
74653.0,130556.4424322993,11.0,1008000.0,17,1,1,0.9999999951442
32118.0,84365.00355584313,16.0,1523200.0,16,1,1,0.9999999999988971
102799.0,105530.00765457936,8.0,896000.0,12,1,1,0.9999992411352917
74653.0,97198.13313273924,2.0,1344000.0,18,1,1,0.9842059343531198
71538.0,83341.70113543495,1.0,168000.0,15,1,1,0.8052205947410432
74653.0,158691.10064543865,1.0,168000.0,9,1,1,0.8230360533211866
113470.0,147230.8948955578,10.0,1411200.0,11,1,1,0.9999999854672572
93219.0,194690.62397607783,10.0,3046400.0,14,1,1,0.9999999959159054
35620.0,131041.19843579004,1.0,128800.0,8,1,1,0.7521538260702499
57571.0,183985.41634039985,3.0,716800.0,14,1,1,0.9951963432087272
74653.0,98759.7077152,9.0,957600.0,18,1,1,0.9999998424631127
94703.0,138532.8472535242,7.0,1209600.0,3,1,1,0.9999964115501809
35620.0,211589.6950655538,13.0,2912000.0,6,1,1,0.9999999999511329
99726.0,147345.86188862837,3.0,302400.0,18,1,1,0.9951415285870618
52787.0,91838.71876124312,13.0,1209600.0,17,1,1,0.9999999998158022
71538.0,183736.9738765265,8.0,1344000.0,9,1,1,0.9999994001057967
111984.0,111939.48538110525,10.0,560000.0,12,1,1,0.9999999692495828
61087.0,218956.72425249347,11.0,2464000.0,6,1,1,0.9999999983690031
99726.0,114321.9454555192,19.0,2340800.0,1,1,1,0.9999999999999976
74653.0,136239.61842412848,14.0,2116800.0,18,1,1,0.9999999999875973
33449.0,147730.70851626788,6.0,1058400.0,3,1,1,0.9999645562382166
45583.0,157143.74533135488,9.0,1411200.0,11,1,1,0.9999998656641426
115517.0,162224.92517234976,8.0,1058400.0,18,1,1,0.9999995115897099
74653.0,103000.74352604902,16.0,1612800.0,10,1,1,0.9999999999992475
74258.0,82759.06591490781,19.0,1344000.0,16,1,1,0.9999999999999942
74653.0,91446.66042894166,20.0,1596000.0,15,1,1,0.9999999999999991
74653.0,166203.65917370646,10.0,1512000.0,3,1,1,0.9999999803564644
33449.0,143917.59239801028,6.0,980000.0,5,1,1,0.9999629641591512
50910.0,132422.65490310028,5.0,616000.0,1,1,1,0.9997492114734868
54668.0,146207.56872270082,13.0,1814400.0,3,1,1,0.9999999998801958
31238.0,171155.0633953972,20.0,3136000.0,11,1,1,0.9999999999999998
110398.0,98282.88298026683,2.0,106400.0,18,1,1,0.9693264299860619
74653.0,102328.78944910956,6.0,476000.0,4,1,1,0.9999562245985415
57571.0,106259.61837757358,21.0,1344000.0,12,1,1,0.9999999999999998
96046.0,165951.88215261785,12.0,1965600.0,3,1,1,0.9999999996072821
74653.0,147029.0591034798,10.0,1344000.0,3,1,1,0.999999976577287
67696.0,109120.12675292935,12.0,1209600.0,10,1,1,0.9999999990679194
80511.0,88127.48198866544,7.0,588000.0,15,1,1,0.9999937072007262
55028.0,149663.84537416397,1.0,1344000.0,18,1,1,0.9168778424805845
46225.0,102659.44279911228,12.0,1108800.0,10,1,1,0.9999999987790029
61087.0,161355.33518712246,12.0,1881600.0,11,1,1,0.9999999994921192
69427.0,115650.31142618992,7.0,672000.0,12,1,1,0.9999936966424462
74653.0,130556.4424322993,11.0,1814400.0,3,1,1,0.9999999969024624
80701.0,97082.84036105842,13.0,1310400.0,10,1,1,0.9999999998532634
83079.0,85279.421552755,15.0,1344000.0,16,1,1,0.9999999999954752
111227.0,89277.52444608061,2.0,168000.0,15,1,1,0.9691792368749017
89757.0,97090.41013736764,2.0,201600.0,10,1,1,0.9626882770140488
71095.0,91943.3821273835,15.0,1176000.0,0,1,1,0.9999999999930647
112720.0,88206.57286592192,10.0,896000.0,16,1,1,0.9999999765122315
109711.0,130556.4424322993,19.0,1596000.0,15,1,1,0.9999999999999969
71095.0,194431.46225215087,7.0,1254400.0,14,1,1,0.9999968007692941
74653.0,86218.85128615655,10.0,924000.0,0,1,1,0.999999961035761
75950.0,138427.79899597832,4.0,403200.0,2,1,1,0.9987267473649537
74653.0,172262.53360895818,7.0,940800.0,11,1,1,0.9999956469566433
75950.0,168594.38325933277,14.0,2520000.0,13,1,1,0.9999999999911333
71232.0,110481.78458255695,3.0,425600.0,18,1,1,0.9939503498263589
74653.0,126832.340708124,8.0,940800.0,2,1,1,0.9999989967638887
79192.0,135991.51091830048,15.0,2100000.0,5,1,1,0.9999999999973455
74653.0,92373.88527650156,4.0,420000.0,15,1,1,0.9988123983944472
74653.0,88414.06891906628,5.0,1344000.0,15,1,1,0.9998930837231469
31238.0,153016.14160446305,2.0,313600.0,11,1,1,0.9525649002555928
52787.0,130556.4424322993,11.0,1344000.0,5,1,1,0.9999999947740519
52003.0,98226.20258299269,13.0,1142400.0,4,1,1,0.999999999771199
109711.0,165924.32806761406,4.0,604800.0,18,1,1,0.9993734644769429
111984.0,100851.03126551677,10.0,532000.0,18,1,1,0.9999999702211377
51705.0,130556.4424322993,0.0,224000.0,6,0,0,0.4010733226580696
72135.0,130556.4424322993,2.0,319200.0,18,1,1,0.9670980627088618
74653.0,213739.1617270233,16.0,3584000.0,6,1,1,0.9999999999998694
40051.0,146766.594270636,15.0,2195200.0,11,1,1,0.9999999999969411
74653.0,106386.47896883132,10.0,1064000.0,18,1,1,0.999999973735471
74653.0,148745.82648796466,8.0,1209600.0,3,1,1,0.9999992378125179
74653.0,130556.4424322993,10.0,856800.0,4,1,1,0.9999999647814121
75950.0,203296.73100372864,19.0,3724000.0,7,1,1,0.9999999999999993
99381.0,147865.3048620903,16.0,2419200.0,18,1,1,0.9999999999997355
62252.0,175301.197965298,5.0,896000.0,14,1,1,0.9998600097030955
74653.0,181371.67505462552,13.0,2548000.0,7,1,1,0.9999999999500271
62046.0,228207.8730170106,10.0,2912000.0,6,1,1,0.9999999939633999
88168.0,96580.58786562111,18.0,1808800.0,4,1,1,0.9999999999999785
51705.0,122052.61312644104,7.0,1344000.0,12,1,1,0.9999957681370657
61087.0,105676.6429351288,2.0,319200.0,18,1,1,0.9620775842286621
33449.0,88263.0907055202,18.0,1512000.0,15,1,1,0.9999999999999625
75950.0,92074.67032585226,11.0,1108800.0,10,1,1,0.9999999946850235
74653.0,81234.16715645317,6.0,588000.0,0,1,1,0.9999556591042414
61952.0,130556.4424322993,15.0,3584000.0,6,1,1,0.9999999999990503
50910.0,118226.03630173074,9.0,1008000.0,12,1,1,0.9999998095142836
51705.0,192154.5780936657,9.0,1792000.0,14,1,1,0.9999999159934247
79192.0,196402.4785440392,13.0,2548000.0,7,1,1,0.9999999999534726
74653.0,100784.2529288389,4.0,319200.0,18,1,1,0.9987878479915729
74653.0,127168.385225564,8.0,1030400.0,8,1,1,0.999999137130688
112018.0,124094.57099456088,12.0,1612800.0,2,1,1,0.9999999994929567
74653.0,88965.08817851217,10.0,1344000.0,16,1,1,0.999999977490256
46225.0,112666.98319820632,7.0,672000.0,12,1,1,0.9999923248694805
74653.0,130556.4424322993,17.0,1904000.0,12,1,1,0.999999999999899
70821.0,170443.40936292103,3.0,504000.0,9,1,1,0.9943898572332961
46225.0,122793.3780069626,12.0,1355200.0,1,1,1,0.9999999989178772
91671.0,130556.4424322993,7.0,1433600.0,14,1,1,0.9999972850037535
80511.0,219109.45599588891,19.0,4480000.0,6,1,1,0.9999999999999996
118114.0,130556.4424322993,12.0,1047200.0,4,1,1,0.9999999992774813
113470.0,197557.7869558959,4.0,588000.0,7,1,1,0.9993374410610115
72135.0,163061.65715246618,11.0,1512000.0,3,1,1,0.999999996274334
107255.0,130556.4424322993,18.0,1814400.0,17,1,1,0.9999999999999858
90582.0,99558.98173762936,3.0,302400.0,10,1,1,0.9935195216534838
89757.0,181288.58949533655,10.0,3225600.0,14,1,1,0.9999999962381048
118114.0,103009.955064274,0.0,100800.0,10,0,1,0.5090761352915074
110398.0,85867.5232936001,21.0,1680000.0,0,1,1,0.9999999999999998
34470.0,167586.19143767623,3.0,716800.0,14,1,1,0.993981706735
40051.0,208444.40162216025,6.0,980000.0,7,1,1,0.9999705029362498
74653.0,190703.9981089344,16.0,2940000.0,7,1,1,0.9999999999997744
67696.0,102502.17986585828,14.0,1332800.0,4,1,1,0.9999999999683629
74653.0,83822.46221245229,18.0,1344000.0,0,1,1,0.9999999999999623
33449.0,84001.87421919814,19.0,1344000.0,16,1,1,0.999999999999992
112018.0,149834.78136827753,13.0,1960000.0,5,1,1,0.9999999999355047
112018.0,166482.03332747167,3.0,358400.0,14,1,1,0.9957544344582043
49874.0,153111.12180791664,15.0,2520000.0,9,1,1,0.999999999997788
54853.0,143168.4341454123,9.0,1260000.0,5,1,1,0.9999998432442273
116217.0,95538.0774657227,10.0,907200.0,17,1,1,0.9999999780434152
61087.0,155100.8503304159,8.0,1344000.0,9,1,1,0.9999993024062855
111984.0,106248.16006366776,3.0,224000.0,12,1,1,0.9944467781298444
99726.0,96121.77938419938,21.0,1792000.0,16,1,1,1.0
118114.0,98692.84787868997,11.0,1142400.0,4,1,1,0.999999996092338
54668.0,115472.00431546508,6.0,784000.0,12,1,1,0.9999646780311235
74653.0,80731.90448514248,5.0,336000.0,15,1,1,0.9997594312088841
112018.0,167524.65153437687,19.0,2822400.0,11,1,1,0.9999999999999989
112720.0,104894.06580666092,7.0,744800.0,18,1,1,0.9999960483152585
74258.0,99358.19669328872,6.0,571200.0,4,1,1,0.9999589771050839
74653.0,91239.14513889866,12.0,1047200.0,4,1,1,0.9999999988717374
33449.0,94072.46740852468,14.0,1164800.0,16,1,1,0.9999999999584217
30663.0,124297.25685691398,6.0,901600.0,8,1,1,0.9999594946471592
111271.0,130556.4424322993,19.0,2800000.0,5,1,1,0.9999999999999987
80511.0,215282.208386214,10.0,1344000.0,6,1,1,0.9999999816345347
74653.0,130556.4424322993,4.0,504000.0,9,1,1,0.9988967091505848
74653.0,235690.47533734704,7.0,1568000.0,6,1,1,0.9999975435046743
74653.0,87887.14628746823,6.0,1344000.0,15,1,1,0.9999802522358966
49158.0,162603.81516968567,11.0,1680000.0,9,1,1,0.9999999963567701
62252.0,130556.4424322993,16.0,2268000.0,18,1,1,0.9999999999995799
74653.0,139622.19712304254,5.0,756000.0,3,1,1,0.999822841175871
62046.0,130556.4424322993,14.0,2116800.0,18,1,1,0.9999999999860685
96046.0,129600.45454790285,11.0,1344000.0,2,1,1,0.9999999961768331
70821.0,130556.4424322993,20.0,3192000.0,9,1,1,0.9999999999999998
91671.0,107153.2157416035,7.0,604800.0,17,1,1,0.9999947147768623
71095.0,152256.75138594885,10.0,1360800.0,3,1,1,0.9999999764830855
49158.0,99636.93299812169,10.0,1344000.0,17,1,1,0.9999999732833171
74653.0,123918.05981663337,15.0,1881600.0,2,1,1,0.9999999999965004
71538.0,145808.20999428193,4.0,537600.0,2,1,1,0.9988321078443079
61952.0,195931.1134960857,11.0,2156000.0,7,1,1,0.9999999978535361
40051.0,144064.65663420525,16.0,2284800.0,2,1,1,0.999999999999404
45064.0,82716.40034663925,10.0,896000.0,16,1,1,0.9999999585979152
37141.0,171528.78227017727,9.0,1568000.0,11,1,1,0.9999998768643569
74653.0,213795.97527634908,4.0,588000.0,7,1,1,0.9991226196803293
31130.0,130556.4424322993,14.0,1092000.0,15,1,1,0.9999999999581541
61087.0,140249.14875299006,10.0,2284800.0,2,1,1,0.9999999871561834
30663.0,88539.1155528201,1.0,168000.0,0,1,1,0.7104645628091634
96046.0,139213.35512469636,8.0,1075200.0,2,1,1,0.9999992636702901
50910.0,169958.040965741,19.0,3360000.0,9,1,1,0.9999999999999987
52233.0,113423.25523103152,1.0,112000.0,12,1,1,0.7765759958059875
102799.0,97621.4128733352,0.0,100800.0,17,0,0,0.4977995148769487
109711.0,155510.11207796694,12.0,2016000.0,9,1,1,0.9999999996807978
74653.0,207341.4458760212,16.0,2940000.0,7,1,1,0.9999999999997828
57571.0,99889.97212115533,13.0,1310400.0,17,1,1,0.9999999998393696
74653.0,231194.2722885752,10.0,2016000.0,6,1,1,0.9999999890520529
31238.0,133897.06497045196,19.0,2464000.0,1,1,1,0.9999999999999964
90582.0,190602.88741627548,4.0,716800.0,14,1,1,0.9993312370303576
74653.0,90594.95657895465,7.0,504000.0,0,1,1,0.999991445551357
97442.0,175657.6245623287,1.0,168000.0,9,1,1,0.8535147152282136
49158.0,80830.61958534969,10.0,1680000.0,15,1,1,0.9999999780210593
83106.0,117787.3509380637,3.0,224000.0,12,1,1,0.9931558280482795
74653.0,226663.38184242143,9.0,2240000.0,6,1,1,0.9999999497295632
36661.0,130556.4424322993,8.0,1097600.0,11,1,1,0.9999989344812454
46225.0,149640.02864488846,18.0,2822400.0,11,1,1,0.9999999999999889
83079.0,136062.44090301354,17.0,2240000.0,5,1,1,0.9999999999999216
67696.0,115687.0873391566,0.0,123200.0,1,0,0,0.3895048488712601
79192.0,134035.35723013963,10.0,1108800.0,1,1,1,0.9999999712750182
62252.0,156840.15907364272,0.0,151200.0,3,0,0,0.4129683201186086
111984.0,92173.8278516391,16.0,1260000.0,15,1,1,0.9999999999992981
70821.0,75695.50517035899,13.0,1176000.0,0,1,1,0.9999999997880187
102799.0,146848.42608541696,16.0,2016000.0,2,1,1,0.9999999999995624
112720.0,161686.60318165738,5.0,1344000.0,11,1,1,0.9999301633976215
74653.0,86308.33225241624,8.0,588000.0,0,1,1,0.999998508473007
74653.0,151885.57917083424,11.0,1814400.0,3,1,1,0.9999999970494111
45583.0,181933.8200268848,10.0,3024000.0,13,1,1,0.9999999935932828
74653.0,137907.33748936502,10.0,2318400.0,8,1,1,0.999999989606544
83121.0,158325.7117783953,9.0,1344000.0,13,1,1,0.9999998988590464
97442.0,76277.91330619049,3.0,168000.0,0,1,1,0.9918167127022742
110664.0,140742.68259931591,12.0,1747200.0,2,1,1,0.9999999995559476
74653.0,164060.8600725021,19.0,2822400.0,11,1,1,0.9999999999999984
94703.0,160574.48471610853,9.0,1512000.0,3,1,1,0.9999999084771228
99726.0,171588.89004898077,9.0,1254400.0,11,1,1,0.9999999056272748
36659.0,181424.34063204227,20.0,3192000.0,9,1,1,0.9999999999999998
31238.0,90506.62272077224,0.0,95200.0,4,0,0,0.31263516851482326
74653.0,130556.4424322993,15.0,1596000.0,18,1,1,0.9999999999965077
37141.0,177259.4423302849,10.0,840000.0,9,1,1,0.9999999591644234
74258.0,130083.12342370732,11.0,1232000.0,1,1,1,0.9999999949473533
111984.0,121549.55487942196,11.0,1478400.0,2,1,1,0.999999996925862
40051.0,164125.0435372921,8.0,1209600.0,18,1,1,0.9999991987925798
55028.0,180432.6223978008,10.0,1848000.0,13,1,1,0.9999999849822476
31130.0,117304.88114490637,3.0,257600.0,8,1,1,0.9892711596346127
49158.0,130556.4424322993,15.0,2116800.0,3,1,1,0.9999999999965166
49874.0,86538.63061054988,14.0,1092000.0,0,1,1,0.9999999999516116
88168.0,158823.08453844255,16.0,2520000.0,13,1,1,0.9999999999997209
112720.0,102899.35350580212,9.0,761600.0,4,1,1,0.9999998395572911
113470.0,173175.81736264608,10.0,1344000.0,9,1,1,0.999999985169862
115517.0,99722.74755255332,8.0,705600.0,17,1,1,0.9999992466189025
113470.0,207311.49972700435,8.0,1568000.0,6,1,1,0.9999996482859197
96046.0,122011.97945583548,2.0,336000.0,12,1,1,0.9704312862942818
94703.0,98470.87063194778,2.0,201600.0,10,1,1,0.9642256060614866
90582.0,203320.01928628504,4.0,1120000.0,6,1,1,0.999474133708529
111271.0,154609.3591039223,10.0,2419200.0,3,1,1,0.9999999926851368
34470.0,148288.39563640306,8.0,1058400.0,18,1,1,0.9999990205678532
112720.0,92903.46146998876,11.0,985600.0,16,1,1,0.9999999960054051
111227.0,137926.68022408438,20.0,3024000.0,18,1,1,0.9999999999999998
74653.0,101477.15885865982,10.0,403200.0,17,1,1,0.9999999547191849
74258.0,130556.4424322993,10.0,537600.0,14,1,1,0.9999999602045253
99381.0,89051.89139020714,11.0,840000.0,0,1,1,0.9999999937697408
103332.0,77622.75418621757,18.0,1428000.0,15,1,1,0.9999999999999767
51705.0,218818.03287030448,16.0,3360000.0,6,1,1,0.9999999999998141
31130.0,123163.75406383073,17.0,2060800.0,8,1,1,0.9999999999998632
83106.0,102078.65364100951,12.0,1383200.0,18,1,1,0.9999999993449964
101428.0,115089.6557385603,15.0,1568000.0,12,1,1,0.9999999999967848
54668.0,163419.7936926109,13.0,1965600.0,3,1,1,0.9999999998977318
52787.0,130556.4424322993,20.0,3024000.0,3,1,1,0.9999999999999996
74653.0,110528.87496030403,4.0,302400.0,17,1,1,0.998782682642342
69427.0,116450.84004427036,17.0,2094400.0,1,1,1,0.9999999999998916
113443.0,147348.22733722656,15.0,2150400.0,2,1,1,0.9999999999980462
93219.0,130338.74471489104,19.0,2660000.0,5,1,1,0.9999999999999982
74653.0,98139.76239065404,13.0,1164800.0,16,1,1,0.9999999998406666
52787.0,130556.4424322993,17.0,1512000.0,15,1,1,0.9999999999998419
92185.0,207501.1901810981,4.0,980000.0,7,1,1,0.999433583802854
45583.0,80087.09047117902,18.0,1428000.0,0,1,1,0.9999999999999547
61087.0,102676.07864689382,10.0,1310400.0,17,1,1,0.999999975293279
110398.0,97549.6743976394,15.0,1612800.0,10,1,1,0.999999999996918
74653.0,130556.4424322993,10.0,1120000.0,12,1,1,0.9999999742490606
74653.0,91313.46612289036,19.0,1596000.0,15,1,1,0.9999999999999953
74653.0,132515.23242639343,18.0,2284800.0,2,1,1,0.9999999999999842
75950.0,195194.5433593789,20.0,3584000.0,14,1,1,0.9999999999999998
115517.0,113861.50313220636,17.0,2094400.0,1,1,1,0.9999999999999254
74653.0,132305.12002665983,6.0,862400.0,1,1,1,0.9999686166789389
116217.0,182466.8750708268,9.0,1792000.0,14,1,1,0.9999999493778154
113336.0,178368.4965905207,8.0,1176000.0,13,1,1,0.9999995332310643
91671.0,153627.94137967454,20.0,2800000.0,5,1,1,0.9999999999999998
94703.0,130611.03657714992,17.0,2240000.0,5,1,1,0.9999999999999278
36661.0,88210.50104167813,14.0,1092000.0,0,1,1,0.9999999999462841
69427.0,163011.13839519047,7.0,907200.0,18,1,1,0.9999956569514487
83106.0,137797.14599078897,20.0,2576000.0,8,1,1,0.9999999999999996
54668.0,136870.56560835362,10.0,302400.0,3,1,1,0.9999999358872563
49158.0,138763.133462988,19.0,2721600.0,18,1,1,0.999999999999998
111984.0,153139.95263788785,12.0,2016000.0,13,1,1,0.9999999997012348
45064.0,89278.12424577147,1.0,95200.0,4,1,1,0.7335970038715292
117123.0,146295.25248839176,11.0,1663200.0,18,1,1,0.9999999980511052
113470.0,119422.87426810496,5.0,448000.0,12,1,1,0.9998473095825642
74258.0,130556.4424322993,7.0,1030400.0,8,1,1,0.9999953432680021
65200.0,204778.8332589271,17.0,1344000.0,6,1,1,0.999999999999845
101428.0,158823.72413207914,2.0,336000.0,13,1,1,0.9742250753605771
35620.0,166647.9956867676,3.0,313600.0,11,1,1,0.99148231379413
69427.0,145217.34623268392,17.0,2570400.0,18,1,1,0.9999999999999443
113470.0,157835.5357523956,18.0,2570400.0,18,1,1,0.9999999999999931
34470.0,165088.0509770542,15.0,1344000.0,13,1,1,0.9999999999941542
88168.0,101894.2226759846,8.0,907200.0,10,1,1,0.9999991220039556
36659.0,83453.26325227851,15.0,1433600.0,16,1,1,0.9999999999938061
52787.0,140436.57219030705,10.0,1360800.0,3,1,1,0.9999999719311171
83079.0,104019.9086996883,0.0,1344000.0,10,0,1,0.6748730286926792
37141.0,200866.3039657122,4.0,1344000.0,7,1,1,0.9993222575288178
103332.0,109852.15483991418,19.0,2128000.0,12,1,1,0.9999999999999976
117123.0,148362.7662309428,19.0,3024000.0,18,1,1,0.9999999999999991
89757.0,137078.78108596348,11.0,1512000.0,18,1,1,0.9999999971946558
100246.0,78140.2737818698,2.0,252000.0,15,1,1,0.9676745759273568
54853.0,84134.63397787944,3.0,336000.0,15,1,1,0.9918147174827298
113336.0,167128.82231602294,8.0,1344000.0,13,1,1,0.9999995804504979
74653.0,114242.86964610463,5.0,739200.0,1,1,1,0.9998046956942205
30663.0,106887.14337271708,14.0,1310400.0,17,1,1,0.9999999999636446
89757.0,130556.4424322993,19.0,2128000.0,18,1,1,0.9999999999999976
32118.0,91598.92393450944,5.0,380800.0,4,1,1,0.9996287224826316
74653.0,139744.09872665544,5.0,840000.0,5,1,1,0.999838552474015
49874.0,100852.99891175132,7.0,705600.0,10,1,1,0.9999923475429314
110398.0,142246.4912697668,6.0,940800.0,11,1,1,0.9999811469545564
103332.0,174801.56493423882,3.0,672000.0,13,1,1,0.9964564364304335
74653.0,125557.05380202588,18.0,2189600.0,8,1,1,0.9999999999999842
101428.0,142684.70252826822,17.0,1344000.0,18,1,1,0.9999999999998868
80511.0,126643.47140530225,8.0,940800.0,2,1,1,0.999999043367859
74653.0,109958.738073777,10.0,1108800.0,17,1,1,0.9999999745161572
74653.0,163942.92106574166,7.0,1058400.0,18,1,1,0.9999963137992035
74653.0,141186.03640865185,4.0,560000.0,5,1,1,0.9989135142477171
74653.0,121193.6975124848,10.0,1355200.0,1,1,1,0.999999974714487
91671.0,139688.73716777045,5.0,840000.0,5,1,1,0.9998595446079418
112018.0,161474.64976969617,15.0,1344000.0,18,1,1,0.9999999999970777
83121.0,163512.52167500748,6.0,1176000.0,13,1,1,0.9999818246131186
102799.0,107793.10571821911,2.0,319200.0,18,1,1,0.9728840748901623
71232.0,125019.62186076689,17.0,2189600.0,8,1,1,0.9999999999999114
79192.0,104687.31764922476,3.0,448000.0,12,1,1,0.993891352856684
67696.0,239206.73805479813,3.0,896000.0,6,1,1,0.9962324250340895
74653.0,152270.02144173282,10.0,1344000.0,3,1,1,0.999999976855351
74653.0,128852.8689743132,18.0,2189600.0,8,1,1,0.9999999999999842
116217.0,94961.36075832012,18.0,1915200.0,17,1,1,0.9999999999999867
100246.0,94515.57289220848,19.0,2016000.0,10,1,1,0.9999999999999971
40051.0,75833.65857647326,8.0,672000.0,0,1,1,0.9999981015294619
74653.0,78533.16979439849,15.0,1260000.0,15,1,1,0.9999999999946698
57571.0,141809.9268813306,12.0,1540000.0,5,1,1,0.9999999992257089
74653.0,130556.4424322993,19.0,1808800.0,4,1,1,0.9999999999999958
89757.0,135168.1845530906,17.0,2217600.0,1,1,1,0.9999999999999203
112720.0,79470.72021375116,10.0,1344000.0,0,1,1,0.999999979189522
52233.0,203633.107620065,10.0,2156000.0,7,1,1,0.9999999876185702
97442.0,168051.56143265215,4.0,672000.0,13,1,1,0.9993013942359057
71095.0,156229.43956665,15.0,1344000.0,9,1,1,0.9999999999953411
74653.0,130556.4424322993,9.0,1008000.0,10,1,1,0.9999998434440943
74653.0,125924.86962845163,19.0,2340800.0,1,1,1,0.9999999999999971
74653.0,185934.7809292508,1.0,196000.0,7,1,1,0.8312772082306705
83079.0,130556.4424322993,4.0,425600.0,18,1,1,0.9990276221736167
74653.0,168641.36036593508,17.0,2688000.0,9,1,1,0.999999999999948
33449.0,111848.98501493188,5.0,560000.0,12,1,1,0.9997260276458411
115517.0,179513.41154599003,16.0,2867200.0,14,1,1,0.9999999999998401
110664.0,179903.9540990222,13.0,2184000.0,9,1,1,0.9999999999515821
74653.0,107408.71779808128,9.0,806400.0,17,1,1,0.9999998236932475
115517.0,191791.9645722411,13.0,2352000.0,7,1,1,0.9999999999592593
36659.0,130556.4424322993,17.0,4032000.0,6,1,1,0.999999999999972
55028.0,153434.01911619044,14.0,1344000.0,18,1,1,0.9999999999742626
45064.0,130556.4424322993,16.0,2520000.0,9,1,1,0.9999999999995532
112720.0,163202.32157284784,18.0,3024000.0,9,1,1,0.9999999999999944
110398.0,82043.69539281364,11.0,1008000.0,0,1,1,0.9999999949324638
116217.0,131209.9393502478,11.0,1478400.0,1,1,1,0.9999999970566034
74653.0,144797.58242157105,11.0,1663200.0,3,1,1,0.9999999966223019
52787.0,155570.01358399988,8.0,1209600.0,18,1,1,0.9999992639768537
111984.0,147460.6628541391,12.0,1612800.0,2,1,1,0.9999999995191138
54853.0,130556.4424322993,5.0,672000.0,2,1,1,0.9997697301694185
74653.0,139918.27488693036,10.0,604800.0,18,1,1,0.999999965070422
74653.0,116775.5265703435,9.0,896000.0,12,1,1,0.9999998281674993
65200.0,90041.74886662989,15.0,1344000.0,0,1,1,0.9999999999935953
99726.0,108973.67733163232,17.0,2016000.0,12,1,1,0.999999999999921
54853.0,85463.18071458684,17.0,1512000.0,0,1,1,0.99999999999979
57571.0,76479.7647421508,16.0,1428000.0,15,1,1,0.9999999999990046
35620.0,98532.4065316202,6.0,638400.0,18,1,1,0.9999555493414237
93219.0,160605.71063159578,10.0,1176000.0,13,1,1,0.9999999804973055
74653.0,229217.9414680993,7.0,1792000.0,6,1,1,0.9999979100669427
74653.0,137054.18319472251,8.0,1209600.0,2,1,1,0.9999992068040392
74653.0,107094.94961958851,13.0,1568000.0,12,1,1,0.9999999998801667
57571.0,130713.43505499586,4.0,492800.0,1,1,1,0.9985776821783492
49874.0,79478.06147829075,18.0,1596000.0,15,1,1,0.9999999999999687
62959.0,164552.4396835336,19.0,2721600.0,3,1,1,0.999999999999998
55028.0,134774.55425962023,2.0,128800.0,8,1,1,0.9511051864356239
111227.0,151324.90503063085,2.0,313600.0,11,1,1,0.9747002059686966
62252.0,142772.16651106486,2.0,268800.0,2,1,1,0.9558990917531438
36661.0,86471.19385138016,10.0,1344000.0,16,1,1,0.9999999690949549
111227.0,218632.69224854812,6.0,1344000.0,6,1,1,0.9999877616780093
97442.0,96117.6148008271,20.0,1344000.0,17,1,1,0.9999999999999991
71232.0,104203.14029963012,4.0,302400.0,17,1,1,0.9987299690552106
36661.0,130556.4424322993,3.0,672000.0,9,1,1,0.9928894286621125
30663.0,230057.24287507863,10.0,2688000.0,6,1,1,0.9999999907269058
37141.0,147723.45844158644,18.0,2553600.0,2,1,1,0.9999999999999833
52233.0,235799.35490451983,1.0,224000.0,6,1,1,0.8225093559970683
117123.0,122732.55211521432,19.0,2217600.0,1,1,1,0.9999999999999978
83121.0,133591.17650458615,1.0,128800.0,8,1,1,0.8183403954253935
74653.0,220369.0572326003,20.0,4480000.0,6,1,1,1.0
74653.0,145850.82253260855,1.0,140000.0,5,1,1,0.8073382454892983
97442.0,81503.5033791039,12.0,985600.0,16,1,1,0.9999999991428941
61087.0,107590.71067405364,10.0,1915200.0,10,1,1,0.9999999833505782
115517.0,134811.56377291534,10.0,128800.0,8,1,1,0.9999999580171679
74653.0,78146.35486850394,10.0,504000.0,0,1,1,0.9999999447592521
115517.0,98498.69502572756,10.0,1344000.0,4,1,1,0.9999999815283672
74653.0,151858.02336495166,16.0,2856000.0,9,1,1,0.9999999999997435
74653.0,94352.62875379225,8.0,806400.0,17,1,1,0.9999990153668256
74653.0,112125.47196545448,4.0,560000.0,12,1,1,0.9989418258652728
91671.0,99738.14364375616,13.0,1489600.0,18,1,1,0.9999999998958602
35620.0,154430.97066050553,11.0,1512000.0,3,1,1,0.9999999948751621
36659.0,92639.58182648847,4.0,380800.0,4,1,1,0.9980684014199904
102799.0,155289.24950991318,13.0,2016000.0,9,1,1,0.9999999999376559
74653.0,75842.46624330539,8.0,672000.0,15,1,1,0.9999988276894568
71095.0,139016.40729035542,17.0,2419200.0,3,1,1,0.9999999999999234
30663.0,123244.07043035548,10.0,1108800.0,1,1,1,0.9999999561848011
93219.0,183912.8262697332,0.0,179200.0,14,0,1,0.5327908117246307
57571.0,130556.4424322993,2.0,588000.0,7,1,1,0.9653591038562718
54853.0,77985.14106793853,7.0,588000.0,0,1,1,0.9999903081657228
51705.0,158967.54479912535,13.0,2184000.0,13,1,1,0.9999999999219213
74653.0,96219.739410372,9.0,716800.0,16,1,1,0.9999998033355644
99381.0,142457.14744768364,13.0,1960000.0,5,1,1,0.999999999927256
51705.0,155630.63971428302,1.0,302400.0,18,1,1,0.8273542452509729
111984.0,116072.8853207102,17.0,1344000.0,18,1,1,0.9999999999998896
99726.0,132128.65949984835,10.0,1209600.0,2,1,1,0.9999999777738098
49158.0,91502.93245413518,13.0,1142400.0,4,1,1,0.9999999997621873
80701.0,126807.88877879194,5.0,560000.0,5,1,1,0.9998027427177838
45583.0,95409.81272678138,1.0,95200.0,4,1,1,0.7371435084307542
117123.0,166923.43344969425,8.0,1411200.0,11,1,1,0.9999996036939184
51705.0,103757.66663779208,20.0,1915200.0,17,1,1,0.9999999999999993
61087.0,90838.79555745628,19.0,1612800.0,16,1,1,0.9999999999999949
74653.0,200843.56784730343,14.0,2548000.0,7,1,1,0.9999999999911817
54853.0,78825.15329806309,3.0,336000.0,15,1,1,0.9917159099574903
107255.0,95132.47508721208,7.0,537600.0,16,1,1,0.9999948922411537
40051.0,166587.10082207105,10.0,1254400.0,14,1,1,0.999999972406051
107255.0,103903.55264972718,4.0,560000.0,12,1,1,0.9991743730801494
100977.0,130556.4424322993,16.0,2688000.0,9,1,1,0.9999999999997524
74653.0,101521.63026635878,8.0,907200.0,10,1,1,0.9999990183581997
117123.0,87302.16875405613,5.0,448000.0,16,1,1,0.9998487805103464
36661.0,157153.5325506385,7.0,907200.0,18,1,1,0.9999942431420829
79192.0,101161.6522226768,3.0,302400.0,10,1,1,0.9929158580066296
83121.0,202426.0460469087,1.0,392000.0,7,1,1,0.8648272850534043
74653.0,90264.64456720868,15.0,1428000.0,4,1,1,0.9999999999947409
62252.0,191947.1177566198,2.0,588000.0,7,1,1,0.9708498008548966
74653.0,90154.756108729,13.0,1075200.0,16,1,1,0.9999999998258817
52787.0,101256.76696791676,0.0,95200.0,4,0,0,0.3573763775560222
99726.0,182359.6137824532,1.0,179200.0,14,1,1,0.8666226587172987
116217.0,130556.4424322993,10.0,2156000.0,7,1,1,0.9999999913421781
74653.0,123184.26371436311,3.0,492800.0,1,1,1,0.9932171739703738
74653.0,99714.64644350164,15.0,1428000.0,4,1,1,0.9999999999948528
49158.0,101782.82187105907,6.0,504000.0,17,1,1,0.9999555174530733
112018.0,157598.6137305079,3.0,504000.0,9,1,1,0.9958720271379995
31238.0,99588.5086818187,10.0,425600.0,18,1,1,0.9999999370690826
115517.0,154658.30672553717,19.0,2822400.0,11,1,1,0.9999999999999989
74653.0,208747.1212641688,10.0,3584000.0,6,1,1,0.9999999966470803
111984.0,88574.58389058698,1.0,168000.0,15,1,1,0.8535309943215864
75950.0,82172.69085681022,5.0,336000.0,0,1,1,0.9997106643281323
49158.0,107163.11207710396,0.0,100800.0,10,0,0,0.37303458257383526
111227.0,128449.15185382785,17.0,2150400.0,2,1,1,0.9999999999999294
109711.0,156834.92239113824,7.0,1176000.0,9,1,1,0.999997113385147
62252.0,165646.4006718392,3.0,537600.0,14,1,1,0.9944536033623362
112018.0,89881.16122230607,20.0,1596000.0,15,1,1,0.9999999999999993
83121.0,100973.67633112067,7.0,744800.0,18,1,1,0.9999949185616634
89757.0,173677.1481975052,6.0,1176000.0,9,1,1,0.9999822660925379
109711.0,82831.49260831109,16.0,1344000.0,15,1,1,0.9999999999993161
74653.0,171267.94910364217,17.0,1344000.0,9,1,1,0.9999999999998512
74653.0,114665.86142701756,6.0,532000.0,18,1,1,0.9999661622529803
35620.0,230739.0012282152,15.0,3360000.0,6,1,1,0.9999999999988813
52787.0,168525.4581814341,6.0,1008000.0,13,1,1,0.9999737032787579
49874.0,134958.99628408652,6.0,862400.0,1,1,1,0.99996178417623
112018.0,195548.07774970628,11.0,2150400.0,14,1,1,0.999999998694959
97442.0,102363.66067191036,11.0,1108800.0,10,1,1,0.9999999956464662
89757.0,97852.3002474614,11.0,1276800.0,18,1,1,0.9999999963083179
74653.0,78699.598367389,20.0,1680000.0,0,1,1,0.9999999999999991
32118.0,135884.1742152096,16.0,1344000.0,8,1,1,0.9999999999987446
74653.0,79812.07367068777,14.0,1344000.0,15,1,1,0.9999999999730327
83079.0,180315.890980175,3.0,1344000.0,7,1,1,0.9973626435759215
62046.0,123816.954267957,14.0,1344000.0,2,1,1,0.9999999999678726
34470.0,106505.39838159215,8.0,1344000.0,10,1,1,0.9999990435561834
74653.0,98641.55342873752,10.0,1142400.0,4,1,1,0.9999999697514441
40051.0,159935.7017502985,16.0,2419200.0,18,1,1,0.9999999999995817
90582.0,116211.04002449126,14.0,1803200.0,8,1,1,0.999999999983352
74653.0,102876.88905173435,3.0,380800.0,4,1,1,0.992548146124384
116217.0,130556.4424322993,18.0,1808800.0,4,1,1,0.9999999999999842
57571.0,108721.8760477898,16.0,1904000.0,12,1,1,0.9999999999993383
31238.0,192089.1330311298,7.0,1254400.0,14,1,1,0.9999955414846243
99381.0,184271.2549829141,6.0,1008000.0,13,1,1,0.999982680998084
111984.0,78446.14927285902,5.0,504000.0,0,1,1,0.999809687379818
31130.0,136030.51272627528,4.0,403200.0,2,1,1,0.9981527532833879
71095.0,127665.85734268032,11.0,1344000.0,2,1,1,0.9999999952888876
74653.0,92552.94729167204,7.0,537600.0,16,1,1,0.9999932889036058
116217.0,93149.10385324791,0.0,100800.0,10,0,0,0.49957387345381343
74653.0,228463.64592915145,5.0,1120000.0,6,1,1,0.9998955827655531
67696.0,125130.27406338006,16.0,2094400.0,1,1,1,0.999999999999416
110664.0,147153.40209055608,12.0,1814400.0,18,1,1,0.9999999996641542
46225.0,130556.4424322993,3.0,448000.0,12,1,1,0.9924659104198289
54668.0,166867.40826144477,6.0,1075200.0,14,1,1,0.9999756709647828
71232.0,114390.94139584812,9.0,985600.0,1,1,1,0.9999998084710446
115517.0,170278.38194818812,10.0,840000.0,13,1,1,0.9999999792956922
112720.0,139374.0907725057,12.0,1478400.0,2,1,1,0.9999999994587729
45064.0,116432.67762419394,10.0,106400.0,18,1,1,0.9999999304758564
45064.0,130556.4424322993,4.0,896000.0,6,1,1,0.998925500736689
74653.0,139312.37893315713,9.0,1360800.0,18,1,1,0.999999895434154
109711.0,184818.76253099224,1.0,196000.0,7,1,1,0.8675435389132091
99381.0,107151.08732426268,6.0,560000.0,12,1,1,0.9999702310022011
45064.0,143468.37807698335,12.0,1344000.0,5,1,1,0.9999999990027975
71232.0,90029.50695230436,14.0,1344000.0,15,1,1,0.9999999999729043
80511.0,87809.82685018546,19.0,1808800.0,4,1,1,0.9999999999999958
72135.0,100861.3289236223,18.0,1344000.0,10,1,1,0.9999999999999676
50910.0,78877.80354181086,5.0,420000.0,0,1,1,0.9996650158009598
69427.0,88016.13727192061,2.0,179200.0,16,1,1,0.95791029874402
74653.0,139395.97664013205,4.0,560000.0,5,1,1,0.9989090782558033
74653.0,130556.4424322993,4.0,252000.0,15,1,1,0.9987574832491719
52003.0,91719.63771215228,3.0,252000.0,0,1,1,0.9892968707482018
97442.0,147143.7567486155,0.0,156800.0,11,0,1,0.5062056763526729
107255.0,108247.75750823524,4.0,504000.0,10,1,1,0.9991227846522448
62046.0,91281.36521140694,3.0,179200.0,16,1,1,0.9915257167055274
83121.0,119834.65860807047,16.0,2060800.0,8,1,1,0.9999999999995124
74653.0,181850.7923388888,1.0,336000.0,13,1,1,0.8550829272155364
35620.0,154860.14893143263,10.0,1344000.0,11,1,1,0.9999999715032201
74653.0,164829.7427435345,18.0,2822400.0,11,1,1,0.9999999999999916
91671.0,162729.07062128975,15.0,2352000.0,13,1,1,0.9999999999983367
101428.0,94707.73895419008,6.0,504000.0,10,1,1,0.9999676825360738
74653.0,97593.516549961,3.0,212800.0,18,1,1,0.9928453544017366
94703.0,131494.50448581835,14.0,1747200.0,2,1,1,0.9999999999824123
30663.0,115417.09119287776,6.0,1344000.0,1,1,1,0.9999679904943017
74653.0,103862.73277044322,0.0,112000.0,12,0,0,0.42982694058467563
71538.0,90481.44413059484,17.0,1344000.0,15,1,1,0.9999999999998306
62046.0,107868.42420207786,12.0,1383200.0,18,1,1,0.999999999231836
